antecedents,consequents,support,confidence,lift
frozenset({'Pulp Fiction'}),"frozenset({'Silence of the Lambs, The'})",0.24958949096880131,0.6229508196721312,1.686120218579235
"frozenset({'Silence of the Lambs, The'})",frozenset({'Pulp Fiction'}),0.24958949096880131,0.6755555555555556,1.686120218579235
frozenset({'Fight Club'}),"frozenset({'Matrix, The'})",0.20032840722495895,0.6815642458100559,1.869696512154613
frozenset({'Fight Club'}),frozenset({'Pulp Fiction'}),0.20032840722495895,0.6815642458100559,1.7011173184357542
"frozenset({""Schindler's List""})",frozenset({'Forrest Gump'}),0.17733990147783252,0.6171428571428572,1.509397590361446
"frozenset({""Schindler's List""})","frozenset({'Shawshank Redemption, The'})",0.21182266009852216,0.7371428571428572,1.6383941605839418
frozenset({'Star Wars: Episode IV - A New Hope'}),frozenset({'Star Wars: Episode V - The Empire Strikes Back'}),0.23645320197044334,0.7164179104477612,2.5970149253731343
frozenset({'Star Wars: Episode V - The Empire Strikes Back'}),frozenset({'Star Wars: Episode IV - A New Hope'}),0.23645320197044334,0.8571428571428571,2.5970149253731343
frozenset({'Star Wars: Episode V - The Empire Strikes Back'}),"frozenset({'Matrix, The'})",0.19047619047619047,0.6904761904761905,1.8941441441441442
frozenset({'Braveheart'}),frozenset({'Forrest Gump'}),0.17898193760262726,0.6566265060240964,1.6059660328059226
frozenset({'Braveheart'}),frozenset({'Pulp Fiction'}),0.16912972085385877,0.6204819277108433,1.5486618605569817
"frozenset({'Usual Suspects, The'})","frozenset({'Silence of the Lambs, The'})",0.16420361247947454,0.6134969325153374,1.6605316973415134
"frozenset({'Usual Suspects, The'})",frozenset({'Pulp Fiction'}),0.20361247947454844,0.7607361963190183,1.8987227195011565
"frozenset({'Usual Suspects, The'})","frozenset({'Shawshank Redemption, The'})",0.19376026272577998,0.7239263803680982,1.6090188527159555
frozenset({'Raiders of the Lost Ark (Indiana Jones and the Raiders of the Lost Ark)'}),frozenset({'Star Wars: Episode IV - A New Hope'}),0.18883415435139572,0.705521472392638,2.137624759637396
frozenset({'Raiders of the Lost Ark (Indiana Jones and the Raiders of the Lost Ark)'}),frozenset({'Star Wars: Episode V - The Empire Strikes Back'}),0.17405582922824303,0.6503067484662577,2.357361963190184
frozenset({'Star Wars: Episode V - The Empire Strikes Back'}),frozenset({'Raiders of the Lost Ark (Indiana Jones and the Raiders of the Lost Ark)'}),0.17405582922824303,0.630952380952381,2.3573619631901845
frozenset({'Raiders of the Lost Ark (Indiana Jones and the Raiders of the Lost Ark)'}),"frozenset({'Matrix, The'})",0.16912972085385877,0.6319018404907975,1.7334604543193497
frozenset({'American Beauty'}),"frozenset({'Matrix, The'})",0.16091954022988506,0.6447368421052632,1.768669985775249
frozenset({'American Beauty'}),frozenset({'Pulp Fiction'}),0.16584564860426929,0.6644736842105263,1.6584609577221743
frozenset({'Star Wars: Episode IV - A New Hope'}),frozenset({'Star Wars: Episode VI - Return of the Jedi'}),0.20689655172413793,0.6268656716417911,2.545074626865672
frozenset({'Star Wars: Episode VI - Return of the Jedi'}),frozenset({'Star Wars: Episode IV - A New Hope'}),0.20689655172413793,0.84,2.545074626865672
frozenset({'Star Wars: Episode V - The Empire Strikes Back'}),frozenset({'Star Wars: Episode VI - Return of the Jedi'}),0.19047619047619047,0.6904761904761905,2.8033333333333332
frozenset({'Star Wars: Episode VI - Return of the Jedi'}),frozenset({'Star Wars: Episode V - The Empire Strikes Back'}),0.19047619047619047,0.7733333333333333,2.8033333333333332
frozenset({'Star Wars: Episode VI - Return of the Jedi'}),"frozenset({'Matrix, The'})",0.16748768472906403,0.6799999999999999,1.8654054054054052
frozenset({'Jurassic Park'}),frozenset({'Forrest Gump'}),0.16091954022988506,0.6758620689655173,1.653012048192771
frozenset({'Saving Private Ryan'}),"frozenset({'Matrix, The'})",0.17733990147783252,0.7659574468085106,2.1012075905692926
frozenset({'Saving Private Ryan'}),frozenset({'Forrest Gump'}),0.14942528735632185,0.6453900709219859,1.5784841493634112
frozenset({'Saving Private Ryan'}),frozenset({'Star Wars: Episode IV - A New Hope'}),0.1412151067323481,0.6099290780141844,1.8479940721922303
frozenset({'Saving Private Ryan'}),"frozenset({'Silence of the Lambs, The'})",0.1412151067323481,0.6099290780141844,1.6508747044917258
frozenset({'Seven (a.k.a. Se7en)'}),"frozenset({'Silence of the Lambs, The'})",0.16748768472906403,0.7285714285714285,1.972
frozenset({'Seven (a.k.a. Se7en)'}),frozenset({'Forrest Gump'}),0.1412151067323481,0.6142857142857143,1.502409638554217
frozenset({'Seven (a.k.a. Se7en)'}),frozenset({'Pulp Fiction'}),0.1839080459770115,0.8,1.9967213114754099
"frozenset({'Fugitive, The'})",frozenset({'Forrest Gump'}),0.13957307060755336,0.6204379562043796,1.517456688066133
frozenset({'Fargo'}),"frozenset({'Silence of the Lambs, The'})",0.1477832512315271,0.6569343065693432,1.778102189781022
frozenset({'Fargo'}),frozenset({'Star Wars: Episode IV - A New Hope'}),0.13628899835796388,0.6058394160583942,1.835603006863493
frozenset({'Fargo'}),frozenset({'Pulp Fiction'}),0.16091954022988506,0.7153284671532847,1.7853894938375015
frozenset({'Back to the Future'}),frozenset({'Star Wars: Episode IV - A New Hope'}),0.13464696223316913,0.6776859504132231,2.053287282595288
frozenset({'Back to the Future'}),frozenset({'Raiders of the Lost Ark (Indiana Jones and the Raiders of the Lost Ark)'}),0.1297208538587849,0.6528925619834711,2.4393347867971404
frozenset({'Back to the Future'}),frozenset({'Star Wars: Episode V - The Empire Strikes Back'}),0.1297208538587849,0.6528925619834711,2.366735537190083
frozenset({'Back to the Future'}),frozenset({'Star Wars: Episode VI - Return of the Jedi'}),0.12315270935960591,0.6198347107438016,2.516528925619834
frozenset({'Back to the Future'}),"frozenset({'Matrix, The'})",0.12151067323481117,0.6115702479338843,1.677685950413223
frozenset({'Gladiator'}),"frozenset({'Matrix, The'})",0.1330049261083744,0.6864406779661016,1.8830737517178193
frozenset({'Alien'}),"frozenset({'Matrix, The'})",0.12479474548440066,0.6909090909090909,1.8953316953316954
frozenset({'Alien'}),"frozenset({'Silence of the Lambs, The'})",0.11658456486042693,0.6454545454545454,1.747030303030303
frozenset({'Alien'}),frozenset({'Star Wars: Episode IV - A New Hope'}),0.11494252873563218,0.6363636363636364,1.9280868385345997
frozenset({'Alien'}),frozenset({'Star Wars: Episode V - The Empire Strikes Back'}),0.11330049261083744,0.6272727272727273,2.2738636363636364
"frozenset({'Princess Bride, The'})",frozenset({'Star Wars: Episode IV - A New Hope'}),0.12643678160919541,0.706422018348624,2.140353279474189
"frozenset({'Princess Bride, The'})",frozenset({'Star Wars: Episode V - The Empire Strikes Back'}),0.11986863711001643,0.6697247706422018,2.427752293577982
"frozenset({'Princess Bride, The'})",frozenset({'Raiders of the Lost Ark (Indiana Jones and the Raiders of the Lost Ark)'}),0.11494252873563218,0.6422018348623852,2.399392131479709
frozenset({'Reservoir Dogs'}),"frozenset({'Matrix, The'})",0.12643678160919541,0.7264150943396227,1.992733299337073
frozenset({'Reservoir Dogs'}),"frozenset({'Usual Suspects, The'})",0.11822660098522167,0.6792452830188679,2.5377937261257086
frozenset({'Reservoir Dogs'}),frozenset({'Fight Club'}),0.11822660098522167,0.6792452830188679,2.310951828818383
frozenset({'Reservoir Dogs'}),"frozenset({'Silence of the Lambs, The'})",0.11494252873563218,0.660377358490566,1.7874213836477988
frozenset({'Reservoir Dogs'}),frozenset({'American Beauty'}),0.11001642036124795,0.6320754716981132,2.5324602780536245
frozenset({'Reservoir Dogs'}),frozenset({'Seven (a.k.a. Se7en)'}),0.10673234811165845,0.6132075471698113,2.667452830188679
frozenset({'Reservoir Dogs'}),frozenset({'Fargo'}),0.10509031198686371,0.6037735849056604,2.683927833631731
frozenset({'Reservoir Dogs'}),frozenset({'Star Wars: Episode IV - A New Hope'}),0.10509031198686371,0.6037735849056604,1.8293438468037173
frozenset({'Reservoir Dogs'}),frozenset({'Pulp Fiction'}),0.14942528735632185,0.8584905660377359,2.1427080111351686
frozenset({'Reservoir Dogs'}),"frozenset({'Godfather, The'})",0.1116584564860427,0.6415094339622641,2.472653451158347
frozenset({'Indiana Jones and the Last Crusade'}),frozenset({'Raiders of the Lost Ark (Indiana Jones and the Raiders of the Lost Ark)'}),0.1444991789819376,0.838095238095238,3.131288343558282
frozenset({'Indiana Jones and the Last Crusade'}),frozenset({'Star Wars: Episode V - The Empire Strikes Back'}),0.13464696223316913,0.780952380952381,2.830952380952381
frozenset({'Indiana Jones and the Last Crusade'}),frozenset({'Star Wars: Episode IV - A New Hope'}),0.13136288998357964,0.7619047619047619,2.308457711442786
frozenset({'Indiana Jones and the Last Crusade'}),"frozenset({'Matrix, The'})",0.11986863711001643,0.6952380952380952,1.907207207207207
frozenset({'Indiana Jones and the Last Crusade'}),frozenset({'Star Wars: Episode VI - Return of the Jedi'}),0.11658456486042693,0.6761904761904761,2.745333333333333
frozenset({'American History X'}),frozenset({'Fight Club'}),0.1330049261083744,0.7788461538461539,2.6498173614095406
frozenset({'American History X'}),"frozenset({'Matrix, The'})",0.11330049261083744,0.6634615384615384,1.8200363825363826
frozenset({'American History X'}),"frozenset({'Silence of the Lambs, The'})",0.1116584564860427,0.6538461538461539,1.7697435897435898
frozenset({'American History X'}),frozenset({'Forrest Gump'}),0.11001642036124795,0.6442307692307692,1.5756487488415198
frozenset({'American History X'}),frozenset({'Pulp Fiction'}),0.13628899835796388,0.798076923076923,1.9919215006305169
frozenset({'American History X'}),"frozenset({'Shawshank Redemption, The'})",0.12315270935960591,0.7211538461538461,1.60285654126895
frozenset({'Goodfellas'}),"frozenset({'Silence of the Lambs, The'})",0.11330049261083744,0.6699029126213593,1.8132038834951458
frozenset({'Goodfellas'}),frozenset({'Fight Club'}),0.10837438423645321,0.6407766990291263,2.1800726799370835
frozenset({'Goodfellas'}),frozenset({'Star Wars: Episode IV - A New Hope'}),0.10673234811165845,0.6310679611650486,1.9120417330821622
frozenset({'Goodfellas'}),frozenset({'Reservoir Dogs'}),0.10509031198686371,0.6213592233009709,3.569884594248031
frozenset({'Reservoir Dogs'}),frozenset({'Goodfellas'}),0.10509031198686371,0.6037735849056604,3.569884594248031
frozenset({'Goodfellas'}),"frozenset({'Usual Suspects, The'})",0.10509031198686371,0.6213592233009709,2.3215200428852225
frozenset({'Goodfellas'}),"frozenset({'Matrix, The'})",0.10509031198686371,0.6213592233009709,1.7045394909472582
frozenset({'Goodfellas'}),frozenset({'Pulp Fiction'}),0.13957307060755336,0.825242718446602,2.0597246538277894
frozenset({'Goodfellas'}),"frozenset({'Godfather, The'})",0.12643678160919541,0.7475728155339807,2.881467371267052
frozenset({'Goodfellas'}),"frozenset({'Shawshank Redemption, The'})",0.11822660098522167,0.6990291262135923,1.5536815250513785
frozenset({'Goodfellas'}),"frozenset({'Godfather: Part II, The'})",0.10180623973727422,0.6019417475728156,3.426004899736866
frozenset({'Dances with Wolves'}),frozenset({'Forrest Gump'}),0.12315270935960591,0.7281553398058254,1.7809100479588258
frozenset({'Dances with Wolves'}),"frozenset({'Silence of the Lambs, The'})",0.10509031198686371,0.6213592233009709,1.681812297734628
frozenset({'Dances with Wolves'}),frozenset({'Pulp Fiction'}),0.10673234811165845,0.6310679611650486,1.575083558809486
frozenset({'Monty Python and the Holy Grail'}),frozenset({'Star Wars: Episode IV - A New Hope'}),0.11494252873563218,0.6930693069306931,2.0998965568198615
frozenset({'Monty Python and the Holy Grail'}),frozenset({'Star Wars: Episode V - The Empire Strikes Back'}),0.10673234811165845,0.6435643564356436,2.332920792079208
frozenset({'Monty Python and the Holy Grail'}),frozenset({'Fargo'}),0.10180623973727422,0.6138613861386139,2.7287706872877067
frozenset({'Monty Python and the Holy Grail'}),frozenset({'Pulp Fiction'}),0.10673234811165845,0.6435643564356436,1.606273332251258
frozenset({'Groundhog Day'}),frozenset({'Star Wars: Episode IV - A New Hope'}),0.10837438423645321,0.6804123711340206,2.0615479304508386
frozenset({'Groundhog Day'}),"frozenset({'Matrix, The'})",0.10837438423645321,0.6804123711340206,1.866536639732516
frozenset({'Groundhog Day'}),frozenset({'Forrest Gump'}),0.10180623973727422,0.6391752577319587,1.5632840640914172
frozenset({'Groundhog Day'}),"frozenset({'Shawshank Redemption, The'})",0.1116584564860427,0.7010309278350516,1.5581307848596584
frozenset({'Groundhog Day'}),frozenset({'Pulp Fiction'}),0.10016420361247948,0.6288659793814433,1.5695876288659794
"frozenset({'Terminator, The'})","frozenset({'Matrix, The'})",0.12315270935960591,0.7978723404255319,2.1887579068430134
"frozenset({'Terminator, The'})",frozenset({'Star Wars: Episode IV - A New Hope'}),0.11330049261083744,0.7340425531914894,2.2240393775801843
"frozenset({'Terminator, The'})",frozenset({'Star Wars: Episode V - The Empire Strikes Back'}),0.1116584564860427,0.7234042553191489,2.6223404255319145
"frozenset({'Terminator, The'})",frozenset({'Raiders of the Lost Ark (Indiana Jones and the Raiders of the Lost Ark)'}),0.10837438423645321,0.7021276595744681,2.6232867771831354
"frozenset({'Terminator, The'})",frozenset({'Saving Private Ryan'}),0.09688013136288999,0.6276595744680852,2.7109551833408787
"frozenset({'Terminator, The'})",frozenset({'Star Wars: Episode VI - Return of the Jedi'}),0.09688013136288999,0.6276595744680852,2.548297872340426
"frozenset({'Terminator, The'})",frozenset({'Terminator 2: Judgment Day'}),0.12151067323481117,0.7872340425531915,3.1961702127659577
"frozenset({'Terminator, The'})",frozenset({'Pulp Fiction'}),0.09523809523809523,0.6170212765957446,1.5400244157656084
"frozenset({'Green Mile, The'})","frozenset({'Matrix, The'})",0.10509031198686371,0.7191011235955056,1.9726692985119951
"frozenset({'Green Mile, The'})",frozenset({'Forrest Gump'}),0.10509031198686371,0.7191011235955056,1.758765398673345
"frozenset({'Green Mile, The'})",frozenset({'Fight Club'}),0.09523809523809523,0.651685393258427,2.2171866172870507
"frozenset({'Green Mile, The'})","frozenset({'Silence of the Lambs, The'})",0.09195402298850575,0.6292134831460675,1.7030711610486895
"frozenset({'Green Mile, The'})","frozenset({'Shawshank Redemption, The'})",0.11986863711001643,0.8202247191011237,1.8230542114327895
"frozenset({'Green Mile, The'})",frozenset({'Pulp Fiction'}),0.090311986863711,0.6179775280898877,1.5424111254374655
"frozenset({'Clockwork Orange, A'})",frozenset({'Fight Club'}),0.09195402298850575,0.6511627906976745,2.2154086007535407
"frozenset({'Clockwork Orange, A'})",frozenset({'American Beauty'}),0.090311986863711,0.6395348837209303,2.56234700122399
"frozenset({'Clockwork Orange, A'})","frozenset({'Matrix, The'})",0.090311986863711,0.6395348837209303,1.7543997485857952
"frozenset({'Clockwork Orange, A'})",frozenset({'Pulp Fiction'}),0.10344827586206896,0.7325581395348837,1.828393061380099
"frozenset({'Clockwork Orange, A'})","frozenset({'Godfather, The'})",0.08702791461412152,0.616279069767442,2.375404768913748
frozenset({'Apocalypse Now'}),frozenset({'Fargo'}),0.09359605911330049,0.7124999999999999,3.167244525547445
frozenset({'Apocalypse Now'}),frozenset({'Reservoir Dogs'}),0.08866995073891626,0.675,3.878066037735849
frozenset({'Apocalypse Now'}),frozenset({'Star Wars: Episode IV - A New Hope'}),0.08702791461412152,0.6625,2.007276119402985
frozenset({'Apocalypse Now'}),frozenset({'Star Wars: Episode V - The Empire Strikes Back'}),0.08045977011494253,0.6124999999999999,2.2203125
frozenset({'Apocalypse Now'}),"frozenset({'Usual Suspects, The'})",0.07881773399014778,0.6,2.241717791411043
frozenset({'Apocalypse Now'}),"frozenset({'Silence of the Lambs, The'})",0.07881773399014778,0.6,1.6239999999999999
frozenset({'Apocalypse Now'}),"frozenset({'Godfather, The'})",0.08702791461412152,0.6625,2.553560126582278
frozenset({'Apocalypse Now'}),frozenset({'Pulp Fiction'}),0.09359605911330049,0.7124999999999999,1.7783299180327867
frozenset({'Full Metal Jacket'}),"frozenset({'Matrix, The'})",0.09195402298850575,0.7088607594936708,1.9445774888812861
frozenset({'Full Metal Jacket'}),frozenset({'Reservoir Dogs'}),0.08702791461412152,0.6708860759493671,3.8544303797468356
frozenset({'Full Metal Jacket'}),frozenset({'Star Wars: Episode IV - A New Hope'}),0.08210180623973727,0.6329113924050632,1.9176270546004155
frozenset({'Full Metal Jacket'}),frozenset({'Forrest Gump'}),0.08210180623973727,0.6329113924050632,1.5479640079304557
frozenset({'Full Metal Jacket'}),frozenset({'Star Wars: Episode V - The Empire Strikes Back'}),0.08045977011494253,0.620253164556962,2.248417721518987
frozenset({'Full Metal Jacket'}),frozenset({'Saving Private Ryan'}),0.07881773399014778,0.6075949367088608,2.624293024508484
frozenset({'Full Metal Jacket'}),frozenset({'Fight Club'}),0.07881773399014778,0.6075949367088608,2.067180538858638
frozenset({'Full Metal Jacket'}),frozenset({'Pulp Fiction'}),0.10016420361247948,0.7721518987341772,1.9272151898734178
frozenset({'Full Metal Jacket'}),"frozenset({'Godfather, The'})",0.07881773399014778,0.6075949367088608,2.3419323826309886
frozenset({'Willy Wonka & the Chocolate Factory'}),frozenset({'Star Wars: Episode IV - A New Hope'}),0.07717569786535304,0.6103896103896104,1.8493894165535958
frozenset({'E.T. the Extra-Terrestrial'}),frozenset({'Star Wars: Episode IV - A New Hope'}),0.08866995073891626,0.7105263157894737,2.1527886881382563
frozenset({'E.T. the Extra-Terrestrial'}),"frozenset({'Matrix, The'})",0.08210180623973727,0.6578947368421052,1.8047652916073966
frozenset({'E.T. the Extra-Terrestrial'}),frozenset({'Star Wars: Episode VI - Return of the Jedi'}),0.08045977011494253,0.6447368421052632,2.6176315789473685
frozenset({'E.T. the Extra-Terrestrial'}),frozenset({'Star Wars: Episode V - The Empire Strikes Back'}),0.08045977011494253,0.6447368421052632,2.337171052631579
frozenset({'E.T. the Extra-Terrestrial'}),frozenset({'Forrest Gump'}),0.07717569786535304,0.618421052631579,1.5125237793278377
frozenset({'E.T. the Extra-Terrestrial'}),frozenset({'Raiders of the Lost Ark (Indiana Jones and the Raiders of the Lost Ark)'}),0.0755336617405583,0.6052631578947368,2.2613819825637713
frozenset({'L.A. Confidential'}),frozenset({'Star Wars: Episode IV - A New Hope'}),0.08045977011494253,0.6805555555555556,2.0619817578772803
frozenset({'L.A. Confidential'}),"frozenset({'Silence of the Lambs, The'})",0.08045977011494253,0.6805555555555556,1.8420370370370371
frozenset({'L.A. Confidential'}),frozenset({'Fargo'}),0.07881773399014778,0.6666666666666667,2.9635036496350367
frozenset({'L.A. Confidential'}),frozenset({'American Beauty'}),0.07717569786535304,0.6527777777777778,2.615405701754386
frozenset({'L.A. Confidential'}),"frozenset({'Matrix, The'})",0.07389162561576355,0.6250000000000001,1.7145270270270274
frozenset({'L.A. Confidential'}),frozenset({'Reservoir Dogs'}),0.0722495894909688,0.611111111111111,3.5110062893081757
frozenset({'L.A. Confidential'}),frozenset({'Pulp Fiction'}),0.07717569786535304,0.6527777777777778,1.62926912568306
frozenset({'L.A. Confidential'}),"frozenset({'Godfather, The'})",0.0755336617405583,0.638888888888889,2.4625527426160336
frozenset({'Office Space'}),frozenset({'Fight Club'}),0.08538587848932677,0.7222222222222223,2.4571694599627567
frozenset({'Office Space'}),"frozenset({'Matrix, The'})",0.08045977011494253,0.6805555555555556,1.8669294294294294
frozenset({'Office Space'}),frozenset({'Forrest Gump'}),0.07389162561576355,0.6250000000000001,1.5286144578313257
frozenset({'Office Space'}),frozenset({'Pulp Fiction'}),0.090311986863711,0.763888888888889,1.906591530054645
frozenset({'X-Men'}),"frozenset({'Matrix, The'})",0.08702791461412152,0.7464788732394367,2.047773125237914
frozenset({'X-Men'}),frozenset({'Star Wars: Episode VI - Return of the Jedi'}),0.0755336617405583,0.647887323943662,2.6304225352112676
frozenset({'X-Men'}),frozenset({'Star Wars: Episode IV - A New Hope'}),0.0755336617405583,0.647887323943662,1.9630018919487073
frozenset({'X-Men'}),frozenset({'Star Wars: Episode V - The Empire Strikes Back'}),0.07389162561576355,0.6338028169014085,2.297535211267606
"frozenset({'Big Lebowski, The'})","frozenset({'Matrix, The'})",0.08374384236453201,0.7285714285714285,1.9986486486486486
"frozenset({'Big Lebowski, The'})",frozenset({'Fight Club'}),0.08210180623973727,0.7142857142857143,2.4301675977653634
"frozenset({'Big Lebowski, The'})",frozenset({'Star Wars: Episode V - The Empire Strikes Back'}),0.08045977011494253,0.7,2.5375
"frozenset({'Big Lebowski, The'})",frozenset({'Star Wars: Episode IV - A New Hope'}),0.07717569786535304,0.6714285714285715,2.0343283582089553
"frozenset({'Big Lebowski, The'})","frozenset({'Silence of the Lambs, The'})",0.0755336617405583,0.6571428571428571,1.7786666666666666
"frozenset({'Big Lebowski, The'})",frozenset({'Forrest Gump'}),0.07389162561576355,0.6428571428571429,1.572289156626506
"frozenset({'Big Lebowski, The'})",frozenset({'American Beauty'}),0.0722495894909688,0.6285714285714286,2.5184210526315787
"frozenset({'Big Lebowski, The'})",frozenset({'Reservoir Dogs'}),0.07060755336617405,0.6142857142857143,3.529245283018868
"frozenset({'Big Lebowski, The'})",frozenset({'Pulp Fiction'}),0.09523809523809523,0.8285714285714285,2.0680327868852455
"frozenset({'Big Lebowski, The'})","frozenset({'Godfather, The'})",0.0755336617405583,0.6571428571428571,2.532911392405063
frozenset({'Being John Malkovich'}),"frozenset({'Matrix, The'})",0.08702791461412152,0.7571428571428572,2.0770270270270275
frozenset({'Being John Malkovich'}),frozenset({'American Beauty'}),0.08045977011494253,0.7,2.8046052631578946
frozenset({'Being John Malkovich'}),frozenset({'Fargo'}),0.07717569786535304,0.6714285714285715,2.9846715328467157
frozenset({'Being John Malkovich'}),frozenset({'Fight Club'}),0.0755336617405583,0.6571428571428571,2.235754189944134
frozenset({'Being John Malkovich'}),frozenset({'Star Wars: Episode IV - A New Hope'}),0.0755336617405583,0.6571428571428571,1.991044776119403
frozenset({'Being John Malkovich'}),"frozenset({'Silence of the Lambs, The'})",0.0722495894909688,0.6285714285714286,1.7013333333333334
frozenset({'Being John Malkovich'}),frozenset({'Groundhog Day'}),0.06896551724137931,0.6,3.7670103092783505
frozenset({'Being John Malkovich'}),"frozenset({'Usual Suspects, The'})",0.06896551724137931,0.6,2.241717791411043
frozenset({'Being John Malkovich'}),frozenset({'Pulp Fiction'}),0.08866995073891626,0.7714285714285715,1.9254098360655738
frozenset({'Being John Malkovich'}),"frozenset({'Godfather, The'})",0.0722495894909688,0.6285714285714286,2.422784810126582
frozenset({'Ghostbusters (a.k.a. Ghost Busters)'}),frozenset({'Star Wars: Episode IV - A New Hope'}),0.08538587848932677,0.7428571428571429,2.250746268656717
frozenset({'Ghostbusters (a.k.a. Ghost Busters)'}),frozenset({'Star Wars: Episode V - The Empire Strikes Back'}),0.08374384236453201,0.7285714285714285,2.6410714285714283
frozenset({'Ghostbusters (a.k.a. Ghost Busters)'}),"frozenset({'Matrix, The'})",0.08210180623973727,0.7142857142857143,1.9594594594594594
frozenset({'Ghostbusters (a.k.a. Ghost Busters)'}),frozenset({'Back to the Future'}),0.08045977011494253,0.7,3.5231404958677683
frozenset({'Ghostbusters (a.k.a. Ghost Busters)'}),frozenset({'Raiders of the Lost Ark (Indiana Jones and the Raiders of the Lost Ark)'}),0.07881773399014778,0.6857142857142857,2.561963190184049
frozenset({'Ghostbusters (a.k.a. Ghost Busters)'}),frozenset({'Star Wars: Episode VI - Return of the Jedi'}),0.07389162561576355,0.6428571428571429,2.6100000000000003
frozenset({'Ghostbusters (a.k.a. Ghost Busters)'}),frozenset({'Indiana Jones and the Last Crusade'}),0.06896551724137931,0.6,3.4799999999999995
frozenset({'Ghostbusters (a.k.a. Ghost Busters)'}),frozenset({'Terminator 2: Judgment Day'}),0.07060755336617405,0.6142857142857143,2.494
frozenset({'Ghostbusters (a.k.a. Ghost Busters)'}),frozenset({'Pulp Fiction'}),0.07060755336617405,0.6142857142857143,1.5331967213114754
frozenset({'Ghostbusters (a.k.a. Ghost Busters)'}),"frozenset({'Godfather, The'})",0.06896551724137931,0.6,2.312658227848101
frozenset({'Heat'}),"frozenset({'Silence of the Lambs, The'})",0.07717569786535304,0.6811594202898551,1.8436714975845412
frozenset({'Heat'}),frozenset({'Braveheart'}),0.06896551724137931,0.6086956521739131,2.2331063383970666
frozenset({'Heat'}),frozenset({'Pulp Fiction'}),0.0755336617405583,0.6666666666666667,1.6639344262295084
"frozenset({'Rock, The'})",frozenset({'Star Wars: Episode IV - A New Hope'}),0.0755336617405583,0.6865671641791045,2.0801960347516153
"frozenset({""Monty Python's Life of Brian""})",frozenset({'Monty Python and the Holy Grail'}),0.08210180623973727,0.8196721311475409,4.942379483850024
"frozenset({""Monty Python's Life of Brian""})",frozenset({'Star Wars: Episode IV - A New Hope'}),0.06896551724137931,0.6885245901639344,2.086126743332518
"frozenset({""Monty Python's Life of Brian""})","frozenset({'Matrix, The'})",0.06896551724137931,0.6885245901639344,1.8887904297740363
"frozenset({""Monty Python's Life of Brian""})",frozenset({'Fight Club'}),0.06732348111658457,0.6721311475409836,2.286747870684129
"frozenset({""Monty Python's Life of Brian""})",frozenset({'Fargo'}),0.06239737274220033,0.6229508196721312,2.769175541462247
"frozenset({""Monty Python's Life of Brian""})",frozenset({'Star Wars: Episode V - The Empire Strikes Back'}),0.06239737274220033,0.6229508196721312,2.2581967213114758
"frozenset({""Monty Python's Life of Brian""})","frozenset({'Silence of the Lambs, The'})",0.06239737274220033,0.6229508196721312,1.686120218579235
"frozenset({""Monty Python's Life of Brian""})",frozenset({'Raiders of the Lost Ark (Indiana Jones and the Raiders of the Lost Ark)'}),0.060755336617405585,0.6065573770491803,2.266217439404606
"frozenset({""Monty Python's Life of Brian""})","frozenset({'Usual Suspects, The'})",0.060755336617405585,0.6065573770491803,2.266217439404606
"frozenset({""Monty Python's Life of Brian""})",frozenset({'Pulp Fiction'}),0.07717569786535304,0.7704918032786885,1.9230717549045955
frozenset({'Clear and Present Danger'}),"frozenset({'Fugitive, The'})",0.07717569786535304,0.810344827586207,3.602189781021898
frozenset({'Clear and Present Danger'}),frozenset({'Forrest Gump'}),0.06732348111658457,0.706896551724138,1.7289156626506026
frozenset({'Clear and Present Danger'}),frozenset({'Braveheart'}),0.059113300492610835,0.6206896551724138,2.2771084337349397
frozenset({'Clear and Present Danger'}),"frozenset({'Silence of the Lambs, The'})",0.059113300492610835,0.6206896551724138,1.6800000000000002
"frozenset({'Wizard of Oz, The'})","frozenset({'Silence of the Lambs, The'})",0.07060755336617405,0.7413793103448276,2.006666666666667
"frozenset({'Wizard of Oz, The'})",frozenset({'Star Wars: Episode IV - A New Hope'}),0.060755336617405585,0.6379310344827587,1.9328358208955225
"frozenset({'Wizard of Oz, The'})","frozenset({'Godfather, The'})",0.060755336617405585,0.6379310344827587,2.458860759493671
frozenset({'Indiana Jones and the Temple of Doom'}),frozenset({'Raiders of the Lost Ark (Indiana Jones and the Raiders of the Lost Ark)'}),0.08374384236453201,0.8947368421052632,3.342912495963836
frozenset({'Indiana Jones and the Temple of Doom'}),frozenset({'Indiana Jones and the Last Crusade'}),0.07389162561576355,0.7894736842105264,4.578947368421053
frozenset({'Indiana Jones and the Temple of Doom'}),frozenset({'Star Wars: Episode V - The Empire Strikes Back'}),0.07389162561576355,0.7894736842105264,2.8618421052631584
frozenset({'Indiana Jones and the Temple of Doom'}),frozenset({'Star Wars: Episode VI - Return of the Jedi'}),0.0722495894909688,0.7719298245614035,3.134035087719298
frozenset({'Indiana Jones and the Temple of Doom'}),frozenset({'Star Wars: Episode IV - A New Hope'}),0.0722495894909688,0.7719298245614035,2.338832155014402
frozenset({'Indiana Jones and the Temple of Doom'}),"frozenset({'Matrix, The'})",0.07060755336617405,0.7543859649122807,2.0694642010431483
frozenset({'Indiana Jones and the Temple of Doom'}),frozenset({'Forrest Gump'}),0.060755336617405585,0.6491228070175439,1.5876136123441134
frozenset({'Indiana Jones and the Temple of Doom'}),frozenset({'Saving Private Ryan'}),0.05747126436781609,0.6140350877192983,2.6521089958939905
frozenset({'Indiana Jones and the Temple of Doom'}),frozenset({'Pulp Fiction'}),0.060755336617405585,0.6491228070175439,1.620146678170837
frozenset({'Run Lola Run (Lola rennt)'}),frozenset({'Fight Club'}),0.06568144499178982,0.7142857142857143,2.4301675977653634
frozenset({'Run Lola Run (Lola rennt)'}),frozenset({'American Beauty'}),0.06239737274220033,0.6785714285714286,2.71875
frozenset({'Run Lola Run (Lola rennt)'}),"frozenset({'Matrix, The'})",0.06239737274220033,0.6785714285714286,1.8614864864864866
frozenset({'Run Lola Run (Lola rennt)'}),frozenset({'Pulp Fiction'}),0.06403940886699508,0.6964285714285715,1.7382172131147542
frozenset({'Big'}),frozenset({'Forrest Gump'}),0.06732348111658457,0.7321428571428572,1.7906626506024097
frozenset({'Big'}),frozenset({'Star Wars: Episode IV - A New Hope'}),0.06568144499178982,0.7142857142857143,2.164179104477612
frozenset({'Big'}),"frozenset({'Princess Bride, The'})",0.06239737274220033,0.6785714285714286,3.791284403669725
frozenset({'Big'}),frozenset({'Back to the Future'}),0.06239737274220033,0.6785714285714286,3.415289256198347
frozenset({'Big'}),frozenset({'Star Wars: Episode V - The Empire Strikes Back'}),0.06239737274220033,0.6785714285714286,2.459821428571429
frozenset({'Big'}),frozenset({'Ghostbusters (a.k.a. Ghost Busters)'}),0.059113300492610835,0.6428571428571428,5.5928571428571425
frozenset({'Big'}),frozenset({'Raiders of the Lost Ark (Indiana Jones and the Raiders of the Lost Ark)'}),0.059113300492610835,0.6428571428571428,2.4018404907975457
frozenset({'Big'}),"frozenset({'Silence of the Lambs, The'})",0.059113300492610835,0.6428571428571428,1.7399999999999998
frozenset({'Big'}),frozenset({'Pulp Fiction'}),0.059113300492610835,0.6428571428571428,1.6045081967213113
frozenset({'Big'}),"frozenset({""Ferris Bueller's Day Off""})",0.05582922824302135,0.6071428571428572,5.777343750000001
"frozenset({'Mask, The'})",frozenset({'Braveheart'}),0.054187192118226604,0.6226415094339622,2.284269152080018
frozenset({'Young Frankenstein'}),frozenset({'Star Wars: Episode IV - A New Hope'}),0.060755336617405585,0.7115384615384615,2.1558553386911594
frozenset({'Young Frankenstein'}),frozenset({'Raiders of the Lost Ark (Indiana Jones and the Raiders of the Lost Ark)'}),0.05747126436781609,0.673076923076923,2.5147475224162337
frozenset({'Young Frankenstein'}),frozenset({'Star Wars: Episode V - The Empire Strikes Back'}),0.054187192118226604,0.6346153846153846,2.300480769230769
frozenset({'Young Frankenstein'}),"frozenset({'Princess Bride, The'})",0.052545155993431854,0.6153846153846153,3.438249823570924
frozenset({'Who Framed Roger Rabbit?'}),frozenset({'Star Wars: Episode IV - A New Hope'}),0.059113300492610835,0.7058823529411765,2.138718173836699
frozenset({'Who Framed Roger Rabbit?'}),frozenset({'Star Wars: Episode V - The Empire Strikes Back'}),0.05747126436781609,0.6862745098039216,2.4877450980392157
frozenset({'Who Framed Roger Rabbit?'}),"frozenset({'Matrix, The'})",0.05582922824302135,0.6666666666666667,1.828828828828829
frozenset({'Who Framed Roger Rabbit?'}),frozenset({'Star Wars: Episode VI - Return of the Jedi'}),0.054187192118226604,0.6470588235294118,2.6270588235294117
frozenset({'Who Framed Roger Rabbit?'}),"frozenset({'Silence of the Lambs, The'})",0.05090311986863711,0.607843137254902,1.6452287581699347
frozenset({'Who Framed Roger Rabbit?'}),frozenset({'Pulp Fiction'}),0.05090311986863711,0.607843137254902,1.5171166827386693
"frozenset({'Blues Brothers, The'})",frozenset({'Star Wars: Episode IV - A New Hope'}),0.059113300492610835,0.72,2.181492537313433
"frozenset({'Blues Brothers, The'})",frozenset({'Star Wars: Episode VI - Return of the Jedi'}),0.05747126436781609,0.7000000000000001,2.842
"frozenset({'Blues Brothers, The'})",frozenset({'Star Wars: Episode V - The Empire Strikes Back'}),0.05582922824302135,0.68,2.4650000000000003
"frozenset({'Blues Brothers, The'})",frozenset({'Monty Python and the Holy Grail'}),0.052545155993431854,0.64,3.8590099009900993
"frozenset({'Blues Brothers, The'})","frozenset({'Matrix, The'})",0.052545155993431854,0.64,1.7556756756756757
"frozenset({'Blues Brothers, The'})",frozenset({'Back to the Future'}),0.04926108374384237,0.6000000000000001,3.019834710743802
"frozenset({'Blues Brothers, The'})",frozenset({'Raiders of the Lost Ark (Indiana Jones and the Raiders of the Lost Ark)'}),0.04926108374384237,0.6000000000000001,2.2417177914110433
"frozenset({'Blues Brothers, The'})","frozenset({'Godfather, The'})",0.04926108374384237,0.6000000000000001,2.3126582278481016
"frozenset({'Blues Brothers, The'})",frozenset({'Pulp Fiction'}),0.05090311986863711,0.62,1.5474590163934425
frozenset({'Citizen Kane'}),frozenset({'Star Wars: Episode IV - A New Hope'}),0.060755336617405585,0.7400000000000001,2.2420895522388062
frozenset({'Citizen Kane'}),"frozenset({'Silence of the Lambs, The'})",0.05747126436781609,0.7000000000000001,1.894666666666667
frozenset({'Citizen Kane'}),frozenset({'Fargo'}),0.05582922824302135,0.68,3.0227737226277376
frozenset({'Citizen Kane'}),frozenset({'Raiders of the Lost Ark (Indiana Jones and the Raiders of the Lost Ark)'}),0.054187192118226604,0.66,2.465889570552147
frozenset({'Citizen Kane'}),frozenset({'Reservoir Dogs'}),0.052545155993431854,0.64,3.6769811320754715
frozenset({'Citizen Kane'}),frozenset({'Apocalypse Now'}),0.05090311986863711,0.62,4.7197499999999994
frozenset({'Citizen Kane'}),frozenset({'Star Wars: Episode V - The Empire Strikes Back'}),0.05090311986863711,0.62,2.2475
frozenset({'Citizen Kane'}),frozenset({'American Beauty'}),0.04926108374384237,0.6000000000000001,2.403947368421053
frozenset({'Citizen Kane'}),"frozenset({'Usual Suspects, The'})",0.04926108374384237,0.6000000000000001,2.2417177914110433
frozenset({'Citizen Kane'}),"frozenset({'Godfather, The'})",0.060755336617405585,0.7400000000000001,2.8522784810126582
frozenset({'Citizen Kane'}),frozenset({'Pulp Fiction'}),0.059113300492610835,0.72,1.7970491803278688
frozenset({'Citizen Kane'}),frozenset({'Casablanca'}),0.04926108374384237,0.6000000000000001,4.567500000000001
"frozenset({'South Park: Bigger, Longer and Uncut'})","frozenset({'Matrix, The'})",0.059113300492610835,0.7346938775510203,2.0154440154440154
"frozenset({'South Park: Bigger, Longer and Uncut'})",frozenset({'Fight Club'}),0.054187192118226604,0.6734693877551021,2.291300877893057
"frozenset({'South Park: Bigger, Longer and Uncut'})",frozenset({'Star Wars: Episode IV - A New Hope'}),0.054187192118226604,0.6734693877551021,2.0405117270788917
"frozenset({'South Park: Bigger, Longer and Uncut'})",frozenset({'Star Wars: Episode V - The Empire Strikes Back'}),0.052545155993431854,0.6530612244897959,2.36734693877551
"frozenset({'South Park: Bigger, Longer and Uncut'})",frozenset({'American Beauty'}),0.05090311986863711,0.6326530612244898,2.534774436090226
"frozenset({'South Park: Bigger, Longer and Uncut'})",frozenset({'Groundhog Day'}),0.04926108374384237,0.6122448979591837,3.8438880706921945
"frozenset({'South Park: Bigger, Longer and Uncut'})",frozenset({'Star Wars: Episode VI - Return of the Jedi'}),0.04926108374384237,0.6122448979591837,2.4857142857142858
"frozenset({'South Park: Bigger, Longer and Uncut'})",frozenset({'Pulp Fiction'}),0.05582922824302135,0.6938775510204082,1.7318501170960188
"frozenset({'South Park: Bigger, Longer and Uncut'})","frozenset({'Godfather, The'})",0.04926108374384237,0.6122448979591837,2.359855334538879
frozenset({'Edward Scissorhands'}),frozenset({'Fight Club'}),0.05582922824302135,0.7083333333333334,2.4099162011173187
frozenset({'Edward Scissorhands'}),"frozenset({'Matrix, The'})",0.052545155993431854,0.6666666666666666,1.8288288288288288
frozenset({'Edward Scissorhands'}),"frozenset({'Silence of the Lambs, The'})",0.052545155993431854,0.6666666666666666,1.8044444444444443
frozenset({'Edward Scissorhands'}),frozenset({'Forrest Gump'}),0.052545155993431854,0.6666666666666666,1.6305220883534135
frozenset({'Edward Scissorhands'}),frozenset({'Star Wars: Episode IV - A New Hope'}),0.04926108374384237,0.625,1.8936567164179106
frozenset({'Edward Scissorhands'}),frozenset({'Memento'}),0.04926108374384237,0.625,3.1198770491803276
frozenset({'Edward Scissorhands'}),frozenset({'Pulp Fiction'}),0.04926108374384237,0.625,1.5599385245901638
frozenset({'Star Wars: Episode I - The Phantom Menace'}),frozenset({'Star Wars: Episode IV - A New Hope'}),0.060755336617405585,0.7708333333333334,2.3355099502487566
frozenset({'Star Wars: Episode I - The Phantom Menace'}),"frozenset({'Matrix, The'})",0.05582922824302135,0.7083333333333334,1.9431306306306306
frozenset({'Star Wars: Episode I - The Phantom Menace'}),frozenset({'Star Wars: Episode V - The Empire Strikes Back'}),0.052545155993431854,0.6666666666666666,2.4166666666666665
frozenset({'Star Wars: Episode I - The Phantom Menace'}),frozenset({'Star Wars: Episode VI - Return of the Jedi'}),0.05090311986863711,0.6458333333333334,2.6220833333333333
frozenset({'Star Wars: Episode I - The Phantom Menace'}),frozenset({'Raiders of the Lost Ark (Indiana Jones and the Raiders of the Lost Ark)'}),0.047619047619047616,0.6041666666666666,2.2572852760736195
frozenset({'Total Recall'}),frozenset({'Star Wars: Episode IV - A New Hope'}),0.06896551724137931,0.8936170212765957,2.7075261987932677
frozenset({'Total Recall'}),frozenset({'Star Wars: Episode VI - Return of the Jedi'}),0.06403940886699508,0.8297872340425533,3.3689361702127663
frozenset({'Total Recall'}),frozenset({'Star Wars: Episode V - The Empire Strikes Back'}),0.06403940886699508,0.8297872340425533,3.0079787234042556
frozenset({'Total Recall'}),"frozenset({'Matrix, The'})",0.06239737274220033,0.8085106382978723,2.21794134560092
frozenset({'Total Recall'}),frozenset({'Saving Private Ryan'}),0.052545155993431854,0.6808510638297872,2.9406971480307833
frozenset({'Total Recall'}),"frozenset({'Terminator, The'})",0.05090311986863711,0.6595744680851063,4.273200543232232
frozenset({'Total Recall'}),frozenset({'Raiders of the Lost Ark (Indiana Jones and the Raiders of the Lost Ark)'}),0.05090311986863711,0.6595744680851063,2.464299699778097
frozenset({'Total Recall'}),frozenset({'Indiana Jones and the Last Crusade'}),0.047619047619047616,0.6170212765957446,3.578723404255318
frozenset({'Total Recall'}),frozenset({'Forrest Gump'}),0.047619047619047616,0.6170212765957446,1.509100230710074
frozenset({'Total Recall'}),frozenset({'Terminator 2: Judgment Day'}),0.05582922824302135,0.7234042553191489,2.937021276595744
"frozenset({'Lock, Stock & Two Smoking Barrels'})",frozenset({'American Beauty'}),0.05747126436781609,0.7446808510638298,2.9836226203807388
"frozenset({'Lock, Stock & Two Smoking Barrels'})","frozenset({'Usual Suspects, The'})",0.05582922824302135,0.7234042553191489,2.7027803158856543
"frozenset({'Lock, Stock & Two Smoking Barrels'})",frozenset({'Fight Club'}),0.05582922824302135,0.7234042553191489,2.4611910139070488
"frozenset({'Lock, Stock & Two Smoking Barrels'})","frozenset({'Matrix, The'})",0.054187192118226604,0.7021276595744681,1.9261069580218517
"frozenset({'Lock, Stock & Two Smoking Barrels'})",frozenset({'Reservoir Dogs'}),0.05090311986863711,0.6595744680851063,3.789441991168205
"frozenset({'Lock, Stock & Two Smoking Barrels'})",frozenset({'Star Wars: Episode IV - A New Hope'}),0.047619047619047616,0.6170212765957446,1.869482375357256
"frozenset({'Lock, Stock & Two Smoking Barrels'})",frozenset({'Pulp Fiction'}),0.05747126436781609,0.7446808510638298,1.858650156958493
"frozenset({'Lock, Stock & Two Smoking Barrels'})","frozenset({'Godfather, The'})",0.054187192118226604,0.7021276595744681,2.7063021815243737
"frozenset({'Lock, Stock & Two Smoking Barrels'})","frozenset({'Shawshank Redemption, The'})",0.054187192118226604,0.7021276595744681,1.560568411243982
"frozenset({'Game, The'})","frozenset({'Matrix, The'})",0.060755336617405585,0.7872340425531915,2.1595744680851063
"frozenset({'Game, The'})",frozenset({'Fight Club'}),0.05090311986863711,0.6595744680851063,2.2440271009152504
"frozenset({'Game, The'})","frozenset({'Silence of the Lambs, The'})",0.04926108374384237,0.6382978723404256,1.7276595744680852
"frozenset({'Game, The'})",frozenset({'Pulp Fiction'}),0.04926108374384237,0.6382978723404256,1.5931287059644228
frozenset({'Platoon'}),frozenset({'Reservoir Dogs'}),0.05747126436781609,0.7608695652173912,4.371410992616899
frozenset({'Platoon'}),"frozenset({'Silence of the Lambs, The'})",0.05582922824302135,0.7391304347826086,2.0005797101449274
frozenset({'Platoon'}),frozenset({'Fargo'}),0.052545155993431854,0.6956521739130435,3.092351634401777
frozenset({'Platoon'}),frozenset({'Star Wars: Episode IV - A New Hope'}),0.052545155993431854,0.6956521739130435,2.1077222582738484
frozenset({'Platoon'}),frozenset({'Apocalypse Now'}),0.05090311986863711,0.6739130434782609,5.130163043478261
frozenset({'Platoon'}),frozenset({'Goodfellas'}),0.05090311986863711,0.6739130434782609,3.9845926551287465
frozenset({'Platoon'}),frozenset({'Star Wars: Episode V - The Empire Strikes Back'}),0.05090311986863711,0.6739130434782609,2.442934782608696
frozenset({'Platoon'}),frozenset({'Full Metal Jacket'}),0.04926108374384237,0.6521739130434783,5.027517886626307
frozenset({'Platoon'}),"frozenset({'Usual Suspects, The'})",0.04926108374384237,0.6521739130434783,2.436649773272873
frozenset({'Platoon'}),frozenset({'Forrest Gump'}),0.04926108374384237,0.6521739130434783,1.5950759559979046
frozenset({'Platoon'}),frozenset({'Saving Private Ryan'}),0.047619047619047616,0.6304347826086956,2.7229417206290467
frozenset({'Platoon'}),"frozenset({'Matrix, The'})",0.047619047619047616,0.6304347826086956,1.729435957696827
frozenset({'Platoon'}),frozenset({'Alien'}),0.04597701149425287,0.608695652173913,3.3699604743083
frozenset({'Platoon'}),frozenset({'Seven (a.k.a. Se7en)'}),0.04597701149425287,0.608695652173913,2.6478260869565213
frozenset({'Platoon'}),"frozenset({""Schindler's List""})",0.04597701149425287,0.608695652173913,2.1182608695652174
frozenset({'Platoon'}),frozenset({'Pulp Fiction'}),0.060755336617405585,0.8043478260869565,2.0075730577334285
frozenset({'Platoon'}),"frozenset({'Godfather, The'})",0.04926108374384237,0.6521739130434783,2.5137589433131535
frozenset({'Platoon'}),frozenset({'Die Hard'}),0.04597701149425287,0.608695652173913,3.744400527009222
frozenset({'Austin Powers: International Man of Mystery'}),frozenset({'Star Wars: Episode IV - A New Hope'}),0.047619047619047616,0.6444444444444444,1.9525704809286897
frozenset({'Austin Powers: International Man of Mystery'}),"frozenset({'Matrix, The'})",0.04597701149425287,0.6222222222222221,1.7069069069069067
frozenset({'Austin Powers: International Man of Mystery'}),frozenset({'American Beauty'}),0.04433497536945813,0.6,2.4039473684210524
frozenset({'Austin Powers: The Spy Who Shagged Me'}),frozenset({'Austin Powers: International Man of Mystery'}),0.047619047619047616,0.6304347826086956,8.531884057971013
frozenset({'Austin Powers: International Man of Mystery'}),frozenset({'Austin Powers: The Spy Who Shagged Me'}),0.047619047619047616,0.6444444444444444,8.531884057971013
"frozenset({'Jungle Book, The'})",frozenset({'Forrest Gump'}),0.04597701149425287,0.6222222222222221,1.521820615796519
"frozenset({'Jungle Book, The'})","frozenset({'Lion King, The'})",0.04597701149425287,0.6222222222222221,3.2950724637681157
frozenset({'Blazing Saddles'}),frozenset({'Star Wars: Episode IV - A New Hope'}),0.052545155993431854,0.7272727272727273,2.203527815468114
frozenset({'Blazing Saddles'}),"frozenset({'Silence of the Lambs, The'})",0.04926108374384237,0.6818181818181819,1.8454545454545457
frozenset({'Blazing Saddles'}),frozenset({'Star Wars: Episode V - The Empire Strikes Back'}),0.047619047619047616,0.6590909090909091,2.3892045454545454
frozenset({'Blazing Saddles'}),frozenset({'Pulp Fiction'}),0.04433497536945813,0.6136363636363636,1.5315760059612518
frozenset({'Rocky'}),frozenset({'Star Wars: Episode IV - A New Hope'}),0.06403940886699508,0.9069767441860466,2.7480041652204097
frozenset({'Rocky'}),"frozenset({'Terminator, The'})",0.054187192118226604,0.7674418604651163,4.972043542800594
frozenset({'Rocky'}),frozenset({'Star Wars: Episode V - The Empire Strikes Back'}),0.054187192118226604,0.7674418604651163,2.781976744186047
frozenset({'Rocky'}),frozenset({'Saving Private Ryan'}),0.052545155993431854,0.7441860465116279,3.214250371103414
frozenset({'Rocky'}),"frozenset({'Matrix, The'})",0.052545155993431854,0.7441860465116279,2.0414833438089253
frozenset({'Rocky'}),frozenset({'Raiders of the Lost Ark (Indiana Jones and the Raiders of the Lost Ark)'}),0.05090311986863711,0.7209302325581396,2.6935368811528035
frozenset({'Rocky'}),"frozenset({'Silence of the Lambs, The'})",0.05090311986863711,0.7209302325581396,1.9513178294573645
frozenset({'Rocky'}),frozenset({'Jurassic Park'}),0.047619047619047616,0.6744186046511628,2.832558139534884
frozenset({'Rocky'}),frozenset({'Star Wars: Episode VI - Return of the Jedi'}),0.047619047619047616,0.6744186046511628,2.7381395348837207
frozenset({'Rocky'}),frozenset({'Indiana Jones and the Last Crusade'}),0.04433497536945813,0.627906976744186,3.6418604651162787
frozenset({'Rocky'}),frozenset({'Alien'}),0.042692939244663386,0.6046511627906977,3.3475687103594085
frozenset({'Rocky'}),"frozenset({'Godfather, The'})",0.05747126436781609,0.813953488372093,3.137327053282308
frozenset({'Rocky'}),frozenset({'Terminator 2: Judgment Day'}),0.047619047619047616,0.6744186046511628,2.7381395348837207
frozenset({'Rocky'}),"frozenset({'Godfather: Part II, The'})",0.04597701149425287,0.6511627906976745,3.7061508367746145
frozenset({'Rocky'}),frozenset({'Pulp Fiction'}),0.042692939244663386,0.6046511627906977,1.509149828440717
frozenset({'Planet of the Apes'}),"frozenset({'Silence of the Lambs, The'})",0.05090311986863711,0.7209302325581396,1.9513178294573645
frozenset({'Planet of the Apes'}),frozenset({'Star Wars: Episode V - The Empire Strikes Back'}),0.04926108374384237,0.6976744186046512,2.5290697674418605
frozenset({'Planet of the Apes'}),frozenset({'Star Wars: Episode IV - A New Hope'}),0.04926108374384237,0.6976744186046512,2.1138493578618536
frozenset({'Planet of the Apes'}),"frozenset({'Matrix, The'})",0.04926108374384237,0.6976744186046512,1.9138906348208675
frozenset({'Planet of the Apes'}),frozenset({'Star Wars: Episode VI - Return of the Jedi'}),0.047619047619047616,0.6744186046511628,2.7381395348837207
frozenset({'Planet of the Apes'}),frozenset({'Alien'}),0.04597701149425287,0.6511627906976745,3.6050739957716704
frozenset({'Planet of the Apes'}),frozenset({'Raiders of the Lost Ark (Indiana Jones and the Raiders of the Lost Ark)'}),0.04597701149425287,0.6511627906976745,2.4328720216864035
frozenset({'Planet of the Apes'}),frozenset({'Forrest Gump'}),0.04597701149425287,0.6511627906976745,1.5926029700196134
frozenset({'Planet of the Apes'}),"frozenset({'Terminator, The'})",0.042692939244663386,0.6046511627906977,3.9173676397822863
frozenset({'Ed Wood'}),"frozenset({'Silence of the Lambs, The'})",0.04433497536945813,0.6428571428571429,1.7400000000000002
frozenset({'Ed Wood'}),"frozenset({'Usual Suspects, The'})",0.042692939244663386,0.6190476190476191,2.312883435582822
frozenset({'Ed Wood'}),frozenset({'Pulp Fiction'}),0.05090311986863711,0.7380952380952381,1.8422131147540983
frozenset({'Dogma'}),frozenset({'Fight Club'}),0.05582922824302135,0.8095238095238095,2.7541899441340787
frozenset({'Dogma'}),"frozenset({'Matrix, The'})",0.04597701149425287,0.6666666666666666,1.8288288288288288
frozenset({'Dogma'}),frozenset({'American Beauty'}),0.042692939244663386,0.6190476190476191,2.4802631578947367
frozenset({'Dogma'}),frozenset({'Pulp Fiction'}),0.04597701149425287,0.6666666666666666,1.6639344262295082
frozenset({'Beetlejuice'}),frozenset({'Fight Club'}),0.05090311986863711,0.7380952380952381,2.5111731843575424
frozenset({'Beetlejuice'}),frozenset({'Star Wars: Episode IV - A New Hope'}),0.047619047619047616,0.6904761904761905,2.0920398009950247
frozenset({'Beetlejuice'}),frozenset({'Raiders of the Lost Ark (Indiana Jones and the Raiders of the Lost Ark)'}),0.04433497536945813,0.6428571428571429,2.401840490797546
frozenset({'Beetlejuice'}),frozenset({'Forrest Gump'}),0.042692939244663386,0.6190476190476191,1.5140562248995983
frozenset({'Beetlejuice'}),frozenset({'Pulp Fiction'}),0.04433497536945813,0.6428571428571429,1.6045081967213115
frozenset({'Tombstone'}),"frozenset({'Silence of the Lambs, The'})",0.04926108374384237,0.7142857142857143,1.9333333333333333
frozenset({'Tombstone'}),frozenset({'Forrest Gump'}),0.04597701149425287,0.6666666666666666,1.6305220883534135
frozenset({'Tombstone'}),frozenset({'Braveheart'}),0.04433497536945813,0.6428571428571429,2.358433734939759
frozenset({'Tombstone'}),"frozenset({'Fugitive, The'})",0.042692939244663386,0.6190476190476191,2.7518248175182483
frozenset({'Tombstone'}),"frozenset({'Shawshank Redemption, The'})",0.04926108374384237,0.7142857142857143,1.5875912408759125
frozenset({'Dumb & Dumber (Dumb and Dumber)'}),frozenset({'Forrest Gump'}),0.04597701149425287,0.7368421052631579,1.802155992390615
frozenset({'Dumb & Dumber (Dumb and Dumber)'}),frozenset({'Pulp Fiction'}),0.041050903119868636,0.6578947368421052,1.6420405522001724
"frozenset({'Few Good Men, A'})","frozenset({'Matrix, The'})",0.05090311986863711,0.8157894736842105,2.237908961593172
"frozenset({'Few Good Men, A'})",frozenset({'Saving Private Ryan'}),0.04597701149425287,0.7368421052631579,3.1825307950727884
"frozenset({'Few Good Men, A'})",frozenset({'Star Wars: Episode IV - A New Hope'}),0.042692939244663386,0.6842105263157895,2.073055773762765
"frozenset({'Few Good Men, A'})","frozenset({'Silence of the Lambs, The'})",0.042692939244663386,0.6842105263157895,1.8519298245614035
"frozenset({'Few Good Men, A'})",frozenset({'Forrest Gump'}),0.042692939244663386,0.6842105263157895,1.673430564362714
"frozenset({'Few Good Men, A'})",frozenset({'Star Wars: Episode VI - Return of the Jedi'}),0.03940886699507389,0.631578947368421,2.5642105263157893
"frozenset({'Few Good Men, A'})","frozenset({""Schindler's List""})",0.03940886699507389,0.631578947368421,2.1978947368421053
"frozenset({'Few Good Men, A'})","frozenset({'Terminator, The'})",0.03776683087027915,0.6052631578947368,3.921332586786114
"frozenset({'Few Good Men, A'})","frozenset({'Fugitive, The'})",0.03776683087027915,0.6052631578947368,2.69054936611602
"frozenset({'Few Good Men, A'})",frozenset({'Jurassic Park'}),0.03776683087027915,0.6052631578947368,2.542105263157895
"frozenset({'Few Good Men, A'})",frozenset({'Braveheart'}),0.03776683087027915,0.6052631578947368,2.2205136334812936
"frozenset({'Few Good Men, A'})",frozenset({'Pulp Fiction'}),0.04597701149425287,0.7368421052631579,1.8390854184641932
"frozenset({'Few Good Men, A'})","frozenset({'Shawshank Redemption, The'})",0.042692939244663386,0.6842105263157895,1.5207452938916635
"frozenset({'Few Good Men, A'})",frozenset({'Terminator 2: Judgment Day'}),0.03940886699507389,0.631578947368421,2.5642105263157893
"frozenset({'Few Good Men, A'})","frozenset({'Godfather, The'})",0.03940886699507389,0.631578947368421,2.4343770819453696
"frozenset({'Few Good Men, A'})",frozenset({'Good Will Hunting'}),0.03776683087027915,0.6052631578947368,3.5786918753193664
"frozenset({'Few Good Men, A'})","frozenset({'Sixth Sense, The'})",0.03776683087027915,0.6052631578947368,2.9488421052631577
frozenset({'Lethal Weapon'}),frozenset({'Star Wars: Episode IV - A New Hope'}),0.04433497536945813,0.7297297297297297,2.2109721661960466
frozenset({'Lethal Weapon'}),"frozenset({'Matrix, The'})",0.04433497536945813,0.7297297297297297,2.001826150474799
frozenset({'Lethal Weapon'}),frozenset({'Raiders of the Lost Ark (Indiana Jones and the Raiders of the Lost Ark)'}),0.042692939244663386,0.7027027027027027,2.6254352512021226
frozenset({'Lethal Weapon'}),frozenset({'Star Wars: Episode V - The Empire Strikes Back'}),0.042692939244663386,0.7027027027027027,2.5472972972972974
frozenset({'Lethal Weapon'}),frozenset({'Saving Private Ryan'}),0.041050903119868636,0.6756756756756757,2.918343875790684
frozenset({'Lethal Weapon'}),frozenset({'Jurassic Park'}),0.03940886699507389,0.6486486486486487,2.7243243243243245
frozenset({'Lethal Weapon'}),frozenset({'Star Wars: Episode VI - Return of the Jedi'}),0.03940886699507389,0.6486486486486487,2.6335135135135137
frozenset({'Lethal Weapon'}),"frozenset({'Terminator, The'})",0.03776683087027915,0.6216216216216216,4.027314548591144
frozenset({'Lethal Weapon'}),frozenset({'Back to the Future'}),0.03776683087027915,0.6216216216216216,3.1286575832030374
frozenset({'Lethal Weapon'}),"frozenset({'Silence of the Lambs, The'})",0.03776683087027915,0.6216216216216216,1.6825225225225224
frozenset({'Lethal Weapon'}),frozenset({'Terminator 2: Judgment Day'}),0.041050903119868636,0.6756756756756757,2.743243243243243
frozenset({'Lethal Weapon'}),frozenset({'Die Hard'}),0.03940886699507389,0.6486486486486487,3.9901719901719903
frozenset({'Lethal Weapon'}),"frozenset({'Godfather, The'})",0.03940886699507389,0.6486486486486487,2.5001710571330826
frozenset({'M*A*S*H (a.k.a. MASH)'}),"frozenset({'Silence of the Lambs, The'})",0.04433497536945813,0.7714285714285715,2.088
frozenset({'M*A*S*H (a.k.a. MASH)'}),frozenset({'Star Wars: Episode IV - A New Hope'}),0.041050903119868636,0.7142857142857143,2.164179104477612
frozenset({'M*A*S*H (a.k.a. MASH)'}),frozenset({'Raiders of the Lost Ark (Indiana Jones and the Raiders of the Lost Ark)'}),0.03940886699507389,0.6857142857142857,2.561963190184049
frozenset({'M*A*S*H (a.k.a. MASH)'}),frozenset({'Fargo'}),0.03776683087027915,0.6571428571428571,2.921167883211679
frozenset({'M*A*S*H (a.k.a. MASH)'}),frozenset({'Apocalypse Now'}),0.034482758620689655,0.6,4.5675
frozenset({'M*A*S*H (a.k.a. MASH)'}),frozenset({'Monty Python and the Holy Grail'}),0.034482758620689655,0.6,3.617821782178218
frozenset({'M*A*S*H (a.k.a. MASH)'}),frozenset({'Star Wars: Episode V - The Empire Strikes Back'}),0.034482758620689655,0.6,2.175
frozenset({'M*A*S*H (a.k.a. MASH)'}),"frozenset({'Godfather, The'})",0.0361247947454844,0.6285714285714286,2.422784810126582
frozenset({'M*A*S*H (a.k.a. MASH)'}),frozenset({'Pulp Fiction'}),0.0361247947454844,0.6285714285714286,1.5688524590163935
frozenset({'Back to the Future Part III'}),frozenset({'Back to the Future'}),0.052545155993431854,0.9142857142857143,4.601652892561983
frozenset({'Back to the Future Part III'}),frozenset({'Star Wars: Episode IV - A New Hope'}),0.041050903119868636,0.7142857142857143,2.164179104477612
frozenset({'Back to the Future Part III'}),frozenset({'Star Wars: Episode VI - Return of the Jedi'}),0.03940886699507389,0.6857142857142857,2.784
frozenset({'Back to the Future Part III'}),"frozenset({'Matrix, The'})",0.03940886699507389,0.6857142857142857,1.8810810810810812
frozenset({'Back to the Future Part III'}),frozenset({'Forrest Gump'}),0.03940886699507389,0.6857142857142857,1.6771084337349398
frozenset({'Back to the Future Part III'}),frozenset({'Star Wars: Episode V - The Empire Strikes Back'}),0.03776683087027915,0.6571428571428571,2.382142857142857
frozenset({'Back to the Future Part III'}),frozenset({'Raiders of the Lost Ark (Indiana Jones and the Raiders of the Lost Ark)'}),0.0361247947454844,0.6285714285714286,2.3484662576687114
frozenset({'Back to the Future Part II'}),frozenset({'Back to the Future Part III'}),0.042692939244663386,0.6190476190476191,10.771428571428572
frozenset({'Back to the Future Part III'}),frozenset({'Back to the Future Part II'}),0.042692939244663386,0.7428571428571429,10.771428571428572
frozenset({'Goldfinger'}),frozenset({'Star Wars: Episode V - The Empire Strikes Back'}),0.04926108374384237,0.8823529411764706,3.1985294117647056
frozenset({'Goldfinger'}),frozenset({'Star Wars: Episode IV - A New Hope'}),0.04926108374384237,0.8823529411764706,2.673397717295874
frozenset({'Goldfinger'}),frozenset({'Raiders of the Lost Ark (Indiana Jones and the Raiders of the Lost Ark)'}),0.04597701149425287,0.8235294117647058,3.0768675568386863
frozenset({'Goldfinger'}),frozenset({'Star Wars: Episode VI - Return of the Jedi'}),0.042692939244663386,0.7647058823529412,3.1047058823529414
frozenset({'Goldfinger'}),"frozenset({'Matrix, The'})",0.042692939244663386,0.7647058823529412,2.0977742448330687
frozenset({'Goldfinger'}),frozenset({'Saving Private Ryan'}),0.03776683087027915,0.6764705882352942,2.921777221526909
frozenset({'Goldfinger'}),frozenset({'Forrest Gump'}),0.03776683087027915,0.6764705882352942,1.654500354358611
frozenset({'Goldfinger'}),frozenset({'Groundhog Day'}),0.0361247947454844,0.6470588235294117,4.062462098241358
frozenset({'Goldfinger'}),frozenset({'Alien'}),0.0361247947454844,0.6470588235294117,3.5823529411764703
frozenset({'Goldfinger'}),"frozenset({'Silence of the Lambs, The'})",0.0361247947454844,0.6470588235294117,1.7513725490196077
frozenset({'Goldfinger'}),frozenset({'Indiana Jones and the Last Crusade'}),0.034482758620689655,0.6176470588235294,3.5823529411764703
frozenset({'Goldfinger'}),frozenset({'Jurassic Park'}),0.034482758620689655,0.6176470588235294,2.5941176470588236
frozenset({'Goldfinger'}),"frozenset({'Usual Suspects, The'})",0.034482758620689655,0.6176470588235294,2.307650667629015
frozenset({'Goldfinger'}),"frozenset({'Godfather, The'})",0.03776683087027915,0.6764705882352942,2.60740878629933
frozenset({'Goldfinger'}),frozenset({'Pulp Fiction'}),0.03776683087027915,0.6764705882352942,1.688404050144648
frozenset({'Goldfinger'}),frozenset({'Die Hard'}),0.0361247947454844,0.6470588235294117,3.9803921568627447
frozenset({'Superman'}),frozenset({'Star Wars: Episode V - The Empire Strikes Back'}),0.04597701149425287,0.8484848484848484,3.0757575757575757
frozenset({'Superman'}),frozenset({'Star Wars: Episode VI - Return of the Jedi'}),0.04433497536945813,0.8181818181818181,3.3218181818181813
frozenset({'Superman'}),frozenset({'Star Wars: Episode IV - A New Hope'}),0.04433497536945813,0.8181818181818181,2.478968792401628
frozenset({'Superman'}),frozenset({'Raiders of the Lost Ark (Indiana Jones and the Raiders of the Lost Ark)'}),0.03940886699507389,0.7272727272727273,2.71723368655884
frozenset({'Superman'}),"frozenset({'Terminator, The'})",0.03776683087027915,0.696969696969697,4.515473887814314
frozenset({'Superman'}),frozenset({'Jurassic Park'}),0.03776683087027915,0.696969696969697,2.9272727272727277
frozenset({'Superman'}),"frozenset({'Matrix, The'})",0.0361247947454844,0.6666666666666666,1.8288288288288288
frozenset({'Superman'}),frozenset({'Back to the Future'}),0.034482758620689655,0.6363636363636364,3.202854996243426
frozenset({'Superman'}),frozenset({'Saving Private Ryan'}),0.034482758620689655,0.6363636363636364,2.748549323017408
frozenset({'Superman'}),frozenset({'Alien'}),0.03284072249589491,0.6060606060606061,3.355371900826446
frozenset({'Superman'}),frozenset({'Terminator 2: Judgment Day'}),0.03776683087027915,0.696969696969697,2.82969696969697
frozenset({'RoboCop'}),frozenset({'Star Wars: Episode IV - A New Hope'}),0.04926108374384237,0.9090909090909091,2.7544097693351426
frozenset({'RoboCop'}),frozenset({'Star Wars: Episode V - The Empire Strikes Back'}),0.047619047619047616,0.8787878787878787,3.18560606060606
frozenset({'RoboCop'}),"frozenset({'Terminator, The'})",0.042692939244663386,0.7878787878787878,5.104448742746615
frozenset({'RoboCop'}),"frozenset({'Matrix, The'})",0.042692939244663386,0.7878787878787878,2.161343161343161
frozenset({'RoboCop'}),frozenset({'Saving Private Ryan'}),0.041050903119868636,0.7575757575757575,3.272082527401676
frozenset({'RoboCop'}),frozenset({'Star Wars: Episode VI - Return of the Jedi'}),0.041050903119868636,0.7575757575757575,3.0757575757575752
frozenset({'RoboCop'}),frozenset({'Raiders of the Lost Ark (Indiana Jones and the Raiders of the Lost Ark)'}),0.03940886699507389,0.7272727272727273,2.71723368655884
frozenset({'RoboCop'}),frozenset({'Alien'}),0.0361247947454844,0.6666666666666666,3.6909090909090905
frozenset({'RoboCop'}),frozenset({'Jurassic Park'}),0.0361247947454844,0.6666666666666666,2.8
frozenset({'RoboCop'}),frozenset({'Toy Story'}),0.0361247947454844,0.6666666666666666,2.7619047619047614
frozenset({'RoboCop'}),"frozenset({'Silence of the Lambs, The'})",0.0361247947454844,0.6666666666666666,1.8044444444444443
frozenset({'RoboCop'}),frozenset({'Groundhog Day'}),0.034482758620689655,0.6363636363636364,3.995313964386129
frozenset({'RoboCop'}),frozenset({'Goodfellas'}),0.03284072249589491,0.6060606060606061,3.5834068843777587
frozenset({'RoboCop'}),frozenset({'Terminator 2: Judgment Day'}),0.042692939244663386,0.7878787878787878,3.1987878787878787
frozenset({'RoboCop'}),frozenset({'Die Hard'}),0.03940886699507389,0.7272727272727273,4.473829201101928
frozenset({'RoboCop'}),frozenset({'Aliens'}),0.034482758620689655,0.6363636363636364,4.559358288770054
frozenset({'RoboCop'}),frozenset({'Pulp Fiction'}),0.034482758620689655,0.6363636363636364,1.5883010432190758
frozenset({'RoboCop'}),"frozenset({'Sixth Sense, The'})",0.03284072249589491,0.6060606060606061,2.9527272727272726
frozenset({'Predator'}),frozenset({'Star Wars: Episode V - The Empire Strikes Back'}),0.04926108374384237,0.9090909090909091,3.2954545454545454
frozenset({'Predator'}),frozenset({'Alien'}),0.04597701149425287,0.8484848484848484,4.697520661157024
frozenset({'Predator'}),"frozenset({'Matrix, The'})",0.04597701149425287,0.8484848484848484,2.327600327600327
frozenset({'Predator'}),"frozenset({'Terminator, The'})",0.042692939244663386,0.7878787878787878,5.104448742746615
frozenset({'Predator'}),frozenset({'Star Wars: Episode VI - Return of the Jedi'}),0.042692939244663386,0.7878787878787878,3.1987878787878787
frozenset({'Predator'}),frozenset({'Raiders of the Lost Ark (Indiana Jones and the Raiders of the Lost Ark)'}),0.03940886699507389,0.7272727272727273,2.71723368655884
frozenset({'Predator'}),frozenset({'Star Wars: Episode IV - A New Hope'}),0.03940886699507389,0.7272727272727273,2.203527815468114
frozenset({'Predator'}),frozenset({'Saving Private Ryan'}),0.03776683087027915,0.696969696969697,3.0103159252095426
frozenset({'Predator'}),"frozenset({'Silence of the Lambs, The'})",0.03776683087027915,0.696969696969697,1.8864646464646466
frozenset({'Predator'}),frozenset({'Jurassic Park'}),0.0361247947454844,0.6666666666666666,2.8
frozenset({'Predator'}),frozenset({'Indiana Jones and the Last Crusade'}),0.034482758620689655,0.6363636363636364,3.6909090909090905
frozenset({'Predator'}),frozenset({'Groundhog Day'}),0.03284072249589491,0.6060606060606061,3.8050609184629804
frozenset({'Predator'}),frozenset({'Braveheart'}),0.03284072249589491,0.6060606060606061,2.223439211391019
frozenset({'Predator'}),frozenset({'Fight Club'}),0.03284072249589491,0.6060606060606061,2.0619603859827325
frozenset({'Predator'}),frozenset({'Aliens'}),0.042692939244663386,0.7878787878787878,5.644919786096256
frozenset({'Predator'}),frozenset({'Terminator 2: Judgment Day'}),0.04597701149425287,0.8484848484848484,3.4448484848484844
frozenset({'Predator'}),frozenset({'Die Hard'}),0.03776683087027915,0.696969696969697,4.287419651056015
frozenset({'Predator'}),frozenset({'Blade Runner'}),0.03284072249589491,0.6060606060606061,4.194214876033058
frozenset({'Predator'}),frozenset({'Pulp Fiction'}),0.034482758620689655,0.6363636363636364,1.5883010432190758
frozenset({'Face/Off'}),frozenset({'Star Wars: Episode V - The Empire Strikes Back'}),0.041050903119868636,0.78125,2.83203125
frozenset({'Face/Off'}),"frozenset({'Matrix, The'})",0.041050903119868636,0.78125,2.1431587837837838
frozenset({'Face/Off'}),frozenset({'Star Wars: Episode IV - A New Hope'}),0.03776683087027915,0.7187500000000001,2.1777052238805976
frozenset({'Face/Off'}),frozenset({'Raiders of the Lost Ark (Indiana Jones and the Raiders of the Lost Ark)'}),0.0361247947454844,0.6875,2.5686349693251533
frozenset({'Face/Off'}),frozenset({'Saving Private Ryan'}),0.034482758620689655,0.65625,2.8344414893617023
frozenset({'Face/Off'}),"frozenset({'Silence of the Lambs, The'})",0.034482758620689655,0.65625,1.77625
frozenset({'Face/Off'}),frozenset({'Forrest Gump'}),0.034482758620689655,0.65625,1.6050451807228916
frozenset({'Face/Off'}),"frozenset({'Terminator, The'})",0.03284072249589491,0.625,4.049202127659575
frozenset({'Face/Off'}),frozenset({'Terminator 2: Judgment Day'}),0.03284072249589491,0.625,2.5375
frozenset({'Grosse Pointe Blank'}),"frozenset({'Matrix, The'})",0.041050903119868636,0.8064516129032258,2.2122929380993894
frozenset({'Grosse Pointe Blank'}),frozenset({'Star Wars: Episode V - The Empire Strikes Back'}),0.034482758620689655,0.6774193548387096,2.4556451612903225
frozenset({'Grosse Pointe Blank'}),frozenset({'Star Wars: Episode IV - A New Hope'}),0.034482758620689655,0.6774193548387096,2.0524795377948966
frozenset({'Grosse Pointe Blank'}),"frozenset({'Silence of the Lambs, The'})",0.034482758620689655,0.6774193548387096,1.8335483870967741
frozenset({'Grosse Pointe Blank'}),"frozenset({'Princess Bride, The'})",0.03284072249589491,0.6451612903225806,3.6046167505179048
frozenset({'Grosse Pointe Blank'}),frozenset({'Saving Private Ryan'}),0.03284072249589491,0.6451612903225806,2.786547700754976
frozenset({'Grosse Pointe Blank'}),"frozenset({'Usual Suspects, The'})",0.03284072249589491,0.6451612903225806,2.41044923807639
frozenset({'Grosse Pointe Blank'}),frozenset({'Reservoir Dogs'}),0.031198686371100164,0.6129032258064516,3.5213024954351795
frozenset({'Grosse Pointe Blank'}),frozenset({'Alien'}),0.031198686371100164,0.6129032258064516,3.393255131964809
frozenset({'Grosse Pointe Blank'}),frozenset({'American Beauty'}),0.031198686371100164,0.6129032258064516,2.4556451612903225
frozenset({'Grosse Pointe Blank'}),frozenset({'Raiders of the Lost Ark (Indiana Jones and the Raiders of the Lost Ark)'}),0.031198686371100164,0.6129032258064516,2.2899267761725706
frozenset({'Grosse Pointe Blank'}),frozenset({'Fight Club'}),0.031198686371100164,0.6129032258064516,2.0852405838889894
frozenset({'Grosse Pointe Blank'}),"frozenset({'Sixth Sense, The'})",0.031198686371100164,0.6129032258064516,2.9860645161290322
frozenset({'Grosse Pointe Blank'}),frozenset({'Pulp Fiction'}),0.0361247947454844,0.7096774193548386,1.7712850343733473
frozenset({'Fantasia'}),frozenset({'Forrest Gump'}),0.034482758620689655,0.6774193548387096,1.6568208317139526
frozenset({'Enemy of the State'}),"frozenset({'Matrix, The'})",0.0361247947454844,0.7333333333333333,2.0117117117117114
frozenset({'Enemy of the State'}),frozenset({'Saving Private Ryan'}),0.031198686371100164,0.6333333333333333,2.7354609929078015
"frozenset({'Abyss, The'})",frozenset({'Star Wars: Episode V - The Empire Strikes Back'}),0.04433497536945813,0.9,3.2625
"frozenset({'Abyss, The'})",frozenset({'Star Wars: Episode IV - A New Hope'}),0.041050903119868636,0.8333333333333333,2.5248756218905473
"frozenset({'Abyss, The'})",frozenset({'Star Wars: Episode VI - Return of the Jedi'}),0.03940886699507389,0.7999999999999999,3.2479999999999998
"frozenset({'Abyss, The'})",frozenset({'Raiders of the Lost Ark (Indiana Jones and the Raiders of the Lost Ark)'}),0.03940886699507389,0.7999999999999999,2.9889570552147235
"frozenset({'Abyss, The'})","frozenset({'Princess Bride, The'})",0.0361247947454844,0.7333333333333333,4.097247706422018
"frozenset({'Abyss, The'})","frozenset({'Matrix, The'})",0.0361247947454844,0.7333333333333333,2.0117117117117114
"frozenset({'Abyss, The'})",frozenset({'Indiana Jones and the Last Crusade'}),0.03284072249589491,0.6666666666666666,3.8666666666666663
"frozenset({'Abyss, The'})",frozenset({'Saving Private Ryan'}),0.03284072249589491,0.6666666666666666,2.879432624113475
"frozenset({'Abyss, The'})","frozenset({'Silence of the Lambs, The'})",0.03284072249589491,0.6666666666666666,1.8044444444444443
"frozenset({'Abyss, The'})",frozenset({'Reservoir Dogs'}),0.031198686371100164,0.6333333333333333,3.6386792452830186
"frozenset({'Abyss, The'})",frozenset({'Fargo'}),0.029556650246305417,0.6,2.667153284671533
"frozenset({'Abyss, The'})",frozenset({'Jurassic Park'}),0.029556650246305417,0.6,2.52
"frozenset({'Abyss, The'})","frozenset({'Usual Suspects, The'})",0.029556650246305417,0.6,2.241717791411043
"frozenset({'Abyss, The'})",frozenset({'Braveheart'}),0.029556650246305417,0.6,2.2012048192771085
"frozenset({'Abyss, The'})","frozenset({'Sixth Sense, The'})",0.031198686371100164,0.6333333333333333,3.0856
"frozenset({'Abyss, The'})",frozenset({'Terminator 2: Judgment Day'}),0.031198686371100164,0.6333333333333333,2.571333333333333
"frozenset({'Abyss, The'})",frozenset({'Pulp Fiction'}),0.031198686371100164,0.6333333333333333,1.5807377049180327
"frozenset({'Abyss, The'})",frozenset({'Aliens'}),0.029556650246305417,0.6,4.298823529411765
frozenset({'Desperado'}),"frozenset({'Matrix, The'})",0.034482758620689655,0.7,1.92027027027027
frozenset({'Desperado'}),frozenset({'Braveheart'}),0.031198686371100164,0.6333333333333333,2.3234939759036144
frozenset({'Desperado'}),frozenset({'Star Wars: Episode V - The Empire Strikes Back'}),0.031198686371100164,0.6333333333333333,2.2958333333333334
frozenset({'Desperado'}),frozenset({'Pulp Fiction'}),0.034482758620689655,0.7,1.7471311475409834
"frozenset({'Dark Knight, The'})","frozenset({'Matrix, The'})",0.11822660098522167,0.6428571428571428,1.7635135135135134
"frozenset({'Dark Knight, The'})",frozenset({'Inception'}),0.11330049261083744,0.6160714285714286,3.50642523364486
frozenset({'Inception'}),"frozenset({'Dark Knight, The'})",0.11330049261083744,0.6448598130841121,3.5064252336448596
frozenset({'Inception'}),frozenset({'Fight Club'}),0.12479474548440066,0.7102803738317757,2.4165404897405107
frozenset({'Inception'}),"frozenset({'Shawshank Redemption, The'})",0.12151067323481117,0.6915887850467289,1.5371444163994814
frozenset({'Inception'}),"frozenset({'Matrix, The'})",0.11986863711001643,0.6822429906542056,1.8715584743622127
frozenset({'Inception'}),frozenset({'Forrest Gump'}),0.10837438423645321,0.616822429906542,1.508613894831663
frozenset({'Good Will Hunting'}),"frozenset({'Shawshank Redemption, The'})",0.1297208538587849,0.766990291262136,1.704733895542485
frozenset({'Good Will Hunting'}),frozenset({'Forrest Gump'}),0.12151067323481117,0.7184466019417477,1.7571645806527083
frozenset({'Good Will Hunting'}),"frozenset({'Silence of the Lambs, The'})",0.10509031198686371,0.6213592233009709,1.681812297734628
frozenset({'Good Will Hunting'}),frozenset({'Fight Club'}),0.10837438423645321,0.6407766990291263,2.1800726799370835
frozenset({'Good Will Hunting'}),frozenset({'Pulp Fiction'}),0.10837438423645321,0.6407766990291263,1.5993156135604012
frozenset({'Good Will Hunting'}),"frozenset({'Matrix, The'})",0.10509031198686371,0.6213592233009709,1.7045394909472582
"frozenset({'Departed, The'})",frozenset({'Inception'}),0.08866995073891626,0.6,3.414953271028037
"frozenset({'Departed, The'})","frozenset({'Dark Knight, The'})",0.08866995073891626,0.6,3.2624999999999997
"frozenset({'Departed, The'})","frozenset({'Shawshank Redemption, The'})",0.1116584564860427,0.7555555555555555,1.6793187347931873
"frozenset({'Departed, The'})",frozenset({'Fight Club'}),0.11001642036124795,0.7444444444444444,2.532774674115456
"frozenset({'Departed, The'})",frozenset({'Pulp Fiction'}),0.10016420361247948,0.6777777777777777,1.6916666666666664
"frozenset({'Departed, The'})","frozenset({'Matrix, The'})",0.09852216748768473,0.6666666666666666,1.8288288288288288
"frozenset({'Departed, The'})",frozenset({'Forrest Gump'}),0.09523809523809523,0.6444444444444444,1.5761713520749663
"frozenset({'Departed, The'})","frozenset({'Godfather, The'})",0.090311986863711,0.611111111111111,2.3554852320675104
frozenset({'Kill Bill: Vol. 1'}),frozenset({'Pulp Fiction'}),0.10837438423645321,0.7500000000000001,1.8719262295081969
frozenset({'Kill Bill: Vol. 1'}),"frozenset({'Matrix, The'})",0.10344827586206896,0.7159090909090909,1.9639127764127764
frozenset({'Kill Bill: Vol. 1'}),frozenset({'Fight Club'}),0.1116584564860427,0.7727272727272728,2.6289994921279844
frozenset({'Kill Bill: Vol. 1'}),"frozenset({'Lord of the Rings: The Return of the King, The'})",0.08702791461412152,0.6022727272727273,2.619886363636364
frozenset({'Inglourious Basterds'}),frozenset({'Inception'}),0.07717569786535304,0.6911764705882353,3.93389224848818
frozenset({'Inglourious Basterds'}),"frozenset({'Matrix, The'})",0.07881773399014778,0.7058823529411765,1.9364069952305247
frozenset({'Inglourious Basterds'}),frozenset({'Pulp Fiction'}),0.07717569786535304,0.6911764705882353,1.7251084860173578
frozenset({'Inglourious Basterds'}),frozenset({'Fight Club'}),0.0755336617405583,0.6764705882352942,2.301511666118962
frozenset({'Shutter Island'}),frozenset({'Inception'}),0.06732348111658457,0.8367346938775511,4.762349799732977
frozenset({'Shutter Island'}),"frozenset({'Departed, The'})",0.052545155993431854,0.6530612244897959,4.4190476190476184
frozenset({'Shutter Island'}),"frozenset({'Dark Knight, The'})",0.052545155993431854,0.6530612244897959,3.5510204081632653
frozenset({'Shutter Island'}),frozenset({'Fight Club'}),0.05747126436781609,0.7142857142857143,2.4301675977653634
frozenset({'Shutter Island'}),"frozenset({'Silence of the Lambs, The'})",0.054187192118226604,0.6734693877551021,1.8228571428571432
"frozenset({'Wolf of Wall Street, The'})",frozenset({'Inception'}),0.042692939244663386,0.7027027027027027,3.9994948219247286
"frozenset({'Wolf of Wall Street, The'})","frozenset({'Departed, The'})",0.03940886699507389,0.6486486486486487,4.389189189189189
"frozenset({'Wolf of Wall Street, The'})","frozenset({'Dark Knight, The'})",0.03776683087027915,0.6216216216216216,3.3800675675675675
"frozenset({'Wolf of Wall Street, The'})",frozenset({'Fight Club'}),0.03940886699507389,0.6486486486486487,2.2068548995923303
"frozenset({'Wolf of Wall Street, The'})","frozenset({'Silence of the Lambs, The'})",0.03940886699507389,0.6486486486486487,1.7556756756756757
"frozenset({'Wolf of Wall Street, The'})","frozenset({'Matrix, The'})",0.03776683087027915,0.6216216216216216,1.7052593133674214
"frozenset({'Wolf of Wall Street, The'})",frozenset({'Forrest Gump'}),0.03776683087027915,0.6216216216216216,1.5203516769781829
frozenset({'Mad Max: Fury Road'}),"frozenset({'Dark Knight, The'})",0.03940886699507389,0.7999999999999999,4.35
frozenset({'Mad Max: Fury Road'}),frozenset({'Inception'}),0.03776683087027915,0.7666666666666667,4.363551401869159
frozenset({'Mad Max: Fury Road'}),"frozenset({'Matrix, The'})",0.041050903119868636,0.8333333333333333,2.2860360360360357
frozenset({'Mad Max: Fury Road'}),"frozenset({'Shawshank Redemption, The'})",0.034482758620689655,0.7,1.555839416058394
frozenset({'Mad Max: Fury Road'}),frozenset({'WALL·E'}),0.03284072249589491,0.6666666666666666,5.5616438356164375
frozenset({'Mad Max: Fury Road'}),frozenset({'Fight Club'}),0.03284072249589491,0.6666666666666666,2.2681564245810057
frozenset({'Mad Max: Fury Road'}),frozenset({'Star Wars: Episode IV - A New Hope'}),0.031198686371100164,0.6333333333333333,1.918905472636816
frozenset({'Mad Max: Fury Road'}),frozenset({'Star Wars: Episode VI - Return of the Jedi'}),0.029556650246305417,0.6,2.436
frozenset({'Mad Max: Fury Road'}),frozenset({'Star Wars: Episode V - The Empire Strikes Back'}),0.029556650246305417,0.6,2.175
frozenset({'Mad Max: Fury Road'}),"frozenset({'Lord of the Rings: The Fellowship of the Ring, The'})",0.029556650246305417,0.6,2.502739726027397
"frozenset({'Thing, The'})",frozenset({'Alien'}),0.042692939244663386,0.8125000000000001,4.498295454545455
"frozenset({'Thing, The'})","frozenset({'Silence of the Lambs, The'})",0.041050903119868636,0.78125,2.1145833333333335
"frozenset({'Thing, The'})","frozenset({'Matrix, The'})",0.03776683087027915,0.7187500000000001,1.9717060810810814
"frozenset({'Thing, The'})",frozenset({'Star Wars: Episode V - The Empire Strikes Back'}),0.0361247947454844,0.6875,2.4921875
"frozenset({'Thing, The'})",frozenset({'Fight Club'}),0.034482758620689655,0.65625,2.2327164804469275
"frozenset({'Thing, The'})","frozenset({'Shining, The'})",0.03284072249589491,0.625,4.6990740740740735
"frozenset({'Thing, The'})",frozenset({'Aliens'}),0.03284072249589491,0.625,4.477941176470589
"frozenset({'Thing, The'})","frozenset({'Terminator, The'})",0.03284072249589491,0.625,4.049202127659575
"frozenset({'Thing, The'})",frozenset({'Saving Private Ryan'}),0.03284072249589491,0.625,2.6994680851063833
"frozenset({'Thing, The'})",frozenset({'Terminator 2: Judgment Day'}),0.03284072249589491,0.625,2.5375
"frozenset({'Thing, The'})",frozenset({'Pulp Fiction'}),0.03284072249589491,0.625,1.5599385245901638
"frozenset({'Thing, The'})",frozenset({'Forrest Gump'}),0.03284072249589491,0.625,1.5286144578313252
"frozenset({'Thing, The'})",frozenset({'Star Wars: Episode IV - A New Hope'}),0.03776683087027915,0.7187500000000001,2.1777052238805976
"frozenset({'Thing, The'})",frozenset({'Raiders of the Lost Ark (Indiana Jones and the Raiders of the Lost Ark)'}),0.034482758620689655,0.65625,2.451878834355828
"frozenset({'Sixth Sense, The'})","frozenset({'Silence of the Lambs, The'})",0.13136288998357964,0.64,1.7322666666666668
"frozenset({'Sixth Sense, The'})",frozenset({'Forrest Gump'}),0.12807881773399016,0.624,1.5261686746987952
"frozenset({'Sixth Sense, The'})","frozenset({'Matrix, The'})",0.1510673234811166,0.7360000000000001,2.019027027027027
"frozenset({'Sixth Sense, The'})",frozenset({'Fight Club'}),0.12315270935960591,0.6,2.041340782122905
frozenset({'Aladdin'}),frozenset({'Forrest Gump'}),0.11986863711001643,0.6460176991150443,1.5800191918114939
frozenset({'Aladdin'}),"frozenset({'Lion King, The'})",0.11494252873563218,0.6194690265486725,3.280492497114275
"frozenset({'Lion King, The'})",frozenset({'Aladdin'}),0.11494252873563218,0.6086956521739131,3.280492497114275
frozenset({'Casablanca'}),frozenset({'Star Wars: Episode IV - A New Hope'}),0.08538587848932677,0.65,1.969402985074627
frozenset({'Casablanca'}),"frozenset({'Silence of the Lambs, The'})",0.08538587848932677,0.65,1.7593333333333334
frozenset({'Casablanca'}),"frozenset({'Godfather, The'})",0.090311986863711,0.6875,2.6499208860759493
"frozenset({'Crouching Tiger, Hidden Dragon (Wo hu cang long)'})",frozenset({'American Beauty'}),0.06896551724137931,0.6086956521739131,2.438787185354691
"frozenset({'Crouching Tiger, Hidden Dragon (Wo hu cang long)'})",frozenset({'Star Wars: Episode V - The Empire Strikes Back'}),0.06896551724137931,0.6086956521739131,2.206521739130435
"frozenset({'Crouching Tiger, Hidden Dragon (Wo hu cang long)'})","frozenset({'Matrix, The'})",0.08210180623973727,0.7246376811594203,1.9878574226400314
"frozenset({'Crouching Tiger, Hidden Dragon (Wo hu cang long)'})",frozenset({'Fight Club'}),0.07060755336617405,0.6231884057971014,2.120233179499636
"frozenset({'Crouching Tiger, Hidden Dragon (Wo hu cang long)'})",frozenset({'Pulp Fiction'}),0.06896551724137931,0.6086956521739131,1.5192444761225945
"frozenset({'Breakfast Club, The'})",frozenset({'Forrest Gump'}),0.06896551724137931,0.6176470588235294,1.5106307583274274
frozenset({'Rear Window'}),"frozenset({'Silence of the Lambs, The'})",0.0722495894909688,0.6666666666666666,1.8044444444444443
frozenset({'Rear Window'}),"frozenset({'Godfather, The'})",0.0722495894909688,0.6666666666666666,2.5696202531645564
frozenset({'Stand by Me'}),frozenset({'Star Wars: Episode IV - A New Hope'}),0.0755336617405583,0.7301587301587302,2.2122719734660037
frozenset({'Stand by Me'}),"frozenset({'Silence of the Lambs, The'})",0.07060755336617405,0.6825396825396826,1.8474074074074074
frozenset({'Stand by Me'}),frozenset({'Star Wars: Episode V - The Empire Strikes Back'}),0.06732348111658457,0.6507936507936508,2.359126984126984
frozenset({'Stand by Me'}),"frozenset({'Shawshank Redemption, The'})",0.07060755336617405,0.6825396825396826,1.5170316301703164
frozenset({'Stand by Me'}),frozenset({'Pulp Fiction'}),0.06568144499178982,0.634920634920635,1.5846994535519128
frozenset({'Stand by Me'}),frozenset({'Raiders of the Lost Ark (Indiana Jones and the Raiders of the Lost Ark)'}),0.06403940886699508,0.6190476190476191,2.312883435582822
frozenset({'Psycho'}),"frozenset({'Silence of the Lambs, The'})",0.07060755336617405,0.7049180327868853,1.9079781420765027
frozenset({'Psycho'}),frozenset({'Fargo'}),0.06732348111658457,0.6721311475409836,2.987794663156635
frozenset({'Psycho'}),frozenset({'Star Wars: Episode IV - A New Hope'}),0.06403940886699508,0.639344262295082,1.9371176902373382
frozenset({'Psycho'}),frozenset({'Pulp Fiction'}),0.07389162561576355,0.7377049180327869,1.8412389142703576
frozenset({'Psycho'}),"frozenset({'Godfather, The'})",0.07060755336617405,0.7049180327868853,2.717057480805146
"frozenset({""Harry Potter and the Sorcerer's Stone (a.k.a. Harry Potter and the Philosopher's Stone)""})",frozenset({'Shrek'}),0.059113300492610835,0.6206896551724138,3.3157894736842106
"frozenset({""Harry Potter and the Sorcerer's Stone (a.k.a. Harry Potter and the Philosopher's Stone)""})",frozenset({'Harry Potter and the Prisoner of Azkaban'}),0.059113300492610835,0.6206896551724138,6.19672131147541
frozenset({'Amadeus'}),"frozenset({'Silence of the Lambs, The'})",0.0722495894909688,0.7719298245614035,2.0893567251461986
frozenset({'Amadeus'}),frozenset({'American Beauty'}),0.060755336617405585,0.6491228070175439,2.6007617728531858
frozenset({'Amadeus'}),frozenset({'Fargo'}),0.059113300492610835,0.631578947368421,2.8075297733384557
frozenset({'Amadeus'}),frozenset({'Star Wars: Episode IV - A New Hope'}),0.059113300492610835,0.631578947368421,1.9135899450117833
frozenset({'Amadeus'}),frozenset({'Pulp Fiction'}),0.06568144499178982,0.7017543859649124,1.7515099223468509
frozenset({'Amadeus'}),"frozenset({'Godfather, The'})",0.05747126436781609,0.6140350877192983,2.366755496335776
frozenset({'Airplane!'}),frozenset({'Star Wars: Episode IV - A New Hope'}),0.06239737274220033,0.7037037037037037,2.1321171918186845
frozenset({'Airplane!'}),frozenset({'Star Wars: Episode V - The Empire Strikes Back'}),0.05747126436781609,0.6481481481481481,2.349537037037037
frozenset({'Airplane!'}),frozenset({'Star Wars: Episode VI - Return of the Jedi'}),0.054187192118226604,0.6111111111111112,2.4811111111111113
frozenset({'Airplane!'}),"frozenset({'Matrix, The'})",0.054187192118226604,0.6111111111111112,1.6764264264264266
frozenset({'Airplane!'}),frozenset({'Raiders of the Lost Ark (Indiana Jones and the Raiders of the Lost Ark)'}),0.054187192118226604,0.6111111111111112,2.283231083844581
frozenset({'Almost Famous'}),"frozenset({'Shawshank Redemption, The'})",0.05747126436781609,0.7000000000000001,1.5558394160583944
frozenset({'12 Angry Men'}),frozenset({'Fargo'}),0.05090311986863711,0.6326530612244898,2.812304483837331
frozenset({'12 Angry Men'}),"frozenset({'Silence of the Lambs, The'})",0.04926108374384237,0.6122448979591837,1.6571428571428573
frozenset({'12 Angry Men'}),"frozenset({'Shawshank Redemption, The'})",0.06403940886699508,0.7959183673469389,1.7690302398331597
frozenset({'12 Angry Men'}),"frozenset({""Schindler's List""})",0.052545155993431854,0.6530612244897959,2.27265306122449
frozenset({'12 Angry Men'}),frozenset({'Pulp Fiction'}),0.052545155993431854,0.6530612244897959,1.6299765807962527
frozenset({'12 Angry Men'}),"frozenset({'Godfather, The'})",0.04926108374384237,0.6122448979591837,2.359855334538879
frozenset({'This Is Spinal Tap'}),frozenset({'Fargo'}),0.054187192118226604,0.7021276595744681,3.121136822487964
frozenset({'This Is Spinal Tap'}),frozenset({'Monty Python and the Holy Grail'}),0.05090311986863711,0.6595744680851063,3.9770381293448493
frozenset({'This Is Spinal Tap'}),frozenset({'Star Wars: Episode V - The Empire Strikes Back'}),0.04926108374384237,0.6382978723404256,2.3138297872340425
frozenset({'This Is Spinal Tap'}),frozenset({'Star Wars: Episode IV - A New Hope'}),0.047619047619047616,0.6170212765957446,1.869482375357256
frozenset({'This Is Spinal Tap'}),frozenset({'Pulp Fiction'}),0.04926108374384237,0.6382978723404256,1.5931287059644228
frozenset({'Austin Powers: The Spy Who Shagged Me'}),frozenset({'Star Wars: Episode IV - A New Hope'}),0.04926108374384237,0.6521739130434783,1.9759896171317328
frozenset({'Austin Powers: The Spy Who Shagged Me'}),"frozenset({'Matrix, The'})",0.04926108374384237,0.6521739130434783,1.7890716803760283
frozenset({'Austin Powers: The Spy Who Shagged Me'}),frozenset({'Pulp Fiction'}),0.04597701149425287,0.608695652173913,1.5192444761225943
frozenset({'North by Northwest'}),"frozenset({'Silence of the Lambs, The'})",0.052545155993431854,0.7272727272727273,1.9684848484848485
frozenset({'North by Northwest'}),frozenset({'Fargo'}),0.04926108374384237,0.6818181818181819,3.0308560053085603
frozenset({'North by Northwest'}),frozenset({'Rear Window'}),0.047619047619047616,0.6590909090909091,6.081611570247933
frozenset({'North by Northwest'}),frozenset({'Casablanca'}),0.04597701149425287,0.6363636363636364,4.844318181818181
frozenset({'North by Northwest'}),frozenset({'Star Wars: Episode IV - A New Hope'}),0.04597701149425287,0.6363636363636364,1.9280868385345997
frozenset({'North by Northwest'}),"frozenset({'Godfather, The'})",0.05582922824302135,0.7727272727272728,2.9784234752589183
frozenset({'North by Northwest'}),"frozenset({'Godfather: Part II, The'})",0.047619047619047616,0.6590909090909091,3.751274426508071
frozenset({'North by Northwest'}),"frozenset({""One Flew Over the Cuckoo's Nest""})",0.04597701149425287,0.6363636363636364,3.5883838383838382
frozenset({'North by Northwest'}),frozenset({'Raiders of the Lost Ark (Indiana Jones and the Raiders of the Lost Ark)'}),0.04433497536945813,0.6136363636363636,2.292665923034021
frozenset({'Traffic'}),frozenset({'American Beauty'}),0.04926108374384237,0.6818181818181819,2.731758373205742
frozenset({'Traffic'}),"frozenset({'Silence of the Lambs, The'})",0.04926108374384237,0.6818181818181819,1.8454545454545457
frozenset({'Traffic'}),frozenset({'Pulp Fiction'}),0.05582922824302135,0.7727272727272728,1.928651266766021
frozenset({'Traffic'}),frozenset({'Fight Club'}),0.04597701149425287,0.6363636363636364,2.165058405281869
"frozenset({'Full Monty, The'})",frozenset({'American Beauty'}),0.041050903119868636,0.6578947368421052,2.635907202216066
"frozenset({'Full Monty, The'})","frozenset({'Silence of the Lambs, The'})",0.041050903119868636,0.6578947368421052,1.7807017543859647
"frozenset({'Full Monty, The'})",frozenset({'Monty Python and the Holy Grail'}),0.03776683087027915,0.6052631578947368,3.649557060969255
"frozenset({'Full Monty, The'})",frozenset({'Fargo'}),0.03776683087027915,0.6052631578947368,2.69054936611602
"frozenset({'Full Monty, The'})",frozenset({'Forrest Gump'}),0.03940886699507389,0.631578947368421,1.5447051363348128
"frozenset({'Full Monty, The'})",frozenset({'Toy Story'}),0.03776683087027915,0.6052631578947368,2.507518796992481
"frozenset({""Singin' in the Rain""})","frozenset({'Wizard of Oz, The'})",0.03776683087027915,0.6216216216216216,6.527027027027027
frozenset({'Maverick'}),"frozenset({'Fugitive, The'})",0.03940886699507389,0.6666666666666667,2.9635036496350367
frozenset({'Maverick'}),frozenset({'Forrest Gump'}),0.042692939244663386,0.7222222222222223,1.7663989290495317
frozenset({'Maverick'}),frozenset({'Jurassic Park'}),0.041050903119868636,0.6944444444444444,2.9166666666666665
frozenset({'Maverick'}),frozenset({'Braveheart'}),0.041050903119868636,0.6944444444444444,2.5476907630522088
frozenset({'Some Like It Hot'}),frozenset({'Casablanca'}),0.034482758620689655,0.6,4.5675
frozenset({'Some Like It Hot'}),frozenset({'Fargo'}),0.034482758620689655,0.6,2.667153284671533
frozenset({'Some Like It Hot'}),frozenset({'American Beauty'}),0.034482758620689655,0.6,2.4039473684210524
frozenset({'Some Like It Hot'}),frozenset({'Pulp Fiction'}),0.0361247947454844,0.6285714285714286,1.5688524590163935
frozenset({'Unforgiven'}),frozenset({'Star Wars: Episode IV - A New Hope'}),0.05090311986863711,0.8857142857142857,2.683582089552239
frozenset({'Unforgiven'}),frozenset({'Star Wars: Episode V - The Empire Strikes Back'}),0.047619047619047616,0.8285714285714285,3.0035714285714286
frozenset({'Unforgiven'}),frozenset({'Fargo'}),0.042692939244663386,0.7428571428571429,3.302189781021898
frozenset({'Unforgiven'}),"frozenset({'Silence of the Lambs, The'})",0.042692939244663386,0.7428571428571429,2.010666666666667
frozenset({'Unforgiven'}),frozenset({'Monty Python and the Holy Grail'}),0.0361247947454844,0.6285714285714286,3.7900990099009904
frozenset({'Unforgiven'}),frozenset({'Goodfellas'}),0.0361247947454844,0.6285714285714286,3.716504854368932
frozenset({'Unforgiven'}),"frozenset({'Princess Bride, The'})",0.034482758620689655,0.6,3.3522935779816514
frozenset({'Unforgiven'}),frozenset({'American Beauty'}),0.034482758620689655,0.6,2.4039473684210524
frozenset({'Unforgiven'}),"frozenset({'Usual Suspects, The'})",0.03940886699507389,0.6857142857142857,2.561963190184049
frozenset({'Unforgiven'}),frozenset({'Blade Runner'}),0.03776683087027915,0.6571428571428571,4.547727272727273
frozenset({'Unforgiven'}),frozenset({'Reservoir Dogs'}),0.03776683087027915,0.6571428571428571,3.7754716981132073
frozenset({'Unforgiven'}),frozenset({'Alien'}),0.034482758620689655,0.6,3.321818181818182
frozenset({'Unforgiven'}),frozenset({'Pulp Fiction'}),0.04926108374384237,0.8571428571428572,2.139344262295082
frozenset({'Unforgiven'}),frozenset({'Terminator 2: Judgment Day'}),0.03940886699507389,0.6857142857142857,2.784
frozenset({'Unforgiven'}),"frozenset({'Godfather, The'})",0.0361247947454844,0.6285714285714286,2.422784810126582
frozenset({'Unforgiven'}),"frozenset({'Matrix, The'})",0.0361247947454844,0.6285714285714286,1.7243243243243243
frozenset({'Unforgiven'}),frozenset({'Aliens'}),0.034482758620689655,0.6,4.298823529411765
frozenset({'Unforgiven'}),frozenset({'Raiders of the Lost Ark (Indiana Jones and the Raiders of the Lost Ark)'}),0.03940886699507389,0.6857142857142857,2.561963190184049
frozenset({'Magnolia'}),frozenset({'American Beauty'}),0.04433497536945813,0.7941176470588235,3.181695046439628
frozenset({'Magnolia'}),frozenset({'Fargo'}),0.042692939244663386,0.7647058823529412,3.3993130098754833
frozenset({'Magnolia'}),"frozenset({'Silence of the Lambs, The'})",0.03940886699507389,0.7058823529411765,1.9105882352941177
frozenset({'Magnolia'}),frozenset({'Being John Malkovich'}),0.03776683087027915,0.6764705882352942,5.885294117647059
frozenset({'Magnolia'}),"frozenset({'Sixth Sense, The'})",0.0361247947454844,0.6470588235294117,3.152470588235294
frozenset({'Magnolia'}),frozenset({'Pulp Fiction'}),0.04433497536945813,0.7941176470588235,1.9820395371263257
frozenset({'Magnolia'}),frozenset({'Memento'}),0.0361247947454844,0.6470588235294117,3.2299903567984565
frozenset({'Magnolia'}),frozenset({'Fight Club'}),0.0361247947454844,0.6470588235294117,2.2014459415050935
frozenset({'Magnolia'}),"frozenset({'Matrix, The'})",0.041050903119868636,0.7352941176470588,2.017090620031796
frozenset({'Magnolia'}),frozenset({'Reservoir Dogs'}),0.03776683087027915,0.6764705882352942,3.886514983351831
frozenset({'Magnolia'}),"frozenset({'Godfather, The'})",0.03776683087027915,0.6764705882352942,2.60740878629933
frozenset({'Magnolia'}),frozenset({'Apocalypse Now'}),0.034482758620689655,0.6176470588235294,4.701838235294118
frozenset({'Election'}),frozenset({'American Beauty'}),0.03940886699507389,0.7058823529411765,2.8281733746130033
frozenset({'Election'}),frozenset({'Monty Python and the Holy Grail'}),0.0361247947454844,0.6470588235294117,3.9015725101921954
frozenset({'Election'}),frozenset({'Fargo'}),0.034482758620689655,0.6176470588235294,2.7455989695148135
"frozenset({""Bridget Jones's Diary""})",frozenset({'Finding Nemo'}),0.034482758620689655,0.6363636363636364,4.079425837320574
"frozenset({""Bridget Jones's Diary""})",frozenset({'Pulp Fiction'}),0.03284072249589491,0.6060606060606061,1.5126676602086437
"frozenset({'Bridge on the River Kwai, The'})",frozenset({'Star Wars: Episode IV - A New Hope'}),0.041050903119868636,0.7575757575757575,2.295341474445952
"frozenset({'Bridge on the River Kwai, The'})","frozenset({'Silence of the Lambs, The'})",0.034482758620689655,0.6363636363636364,1.7224242424242424
"frozenset({'Bridge on the River Kwai, The'})",frozenset({'Star Wars: Episode V - The Empire Strikes Back'}),0.03284072249589491,0.6060606060606061,2.1969696969696972
"frozenset({'Bridge on the River Kwai, The'})",frozenset({'Raiders of the Lost Ark (Indiana Jones and the Raiders of the Lost Ark)'}),0.03776683087027915,0.696969696969697,2.604015616285555
"frozenset({'Bridge on the River Kwai, The'})","frozenset({'Shawshank Redemption, The'})",0.03776683087027915,0.696969696969697,1.549104180491042
"frozenset({'Bridge on the River Kwai, The'})","frozenset({'Godfather, The'})",0.034482758620689655,0.6363636363636364,2.452819332566168
frozenset({'Blow'}),frozenset({'Goodfellas'}),0.03284072249589491,0.625,3.6953883495145634
frozenset({'Blow'}),"frozenset({'Silence of the Lambs, The'})",0.03284072249589491,0.625,1.6916666666666667
frozenset({'Blow'}),frozenset({'Pulp Fiction'}),0.041050903119868636,0.78125,1.9499231557377048
frozenset({'Blow'}),frozenset({'Fight Club'}),0.03940886699507389,0.75,2.5516759776536313
frozenset({'Blow'}),"frozenset({'Godfather, The'})",0.0361247947454844,0.6875,2.6499208860759493
frozenset({'Blow'}),"frozenset({'Matrix, The'})",0.0361247947454844,0.6875,1.8859797297297298
frozenset({'Blow'}),frozenset({'Forrest Gump'}),0.03284072249589491,0.625,1.5286144578313252
frozenset({'Blue Velvet'}),frozenset({'Fargo'}),0.03284072249589491,0.625,2.778284671532847
frozenset({'Blue Velvet'}),frozenset({'American Beauty'}),0.03284072249589491,0.625,2.5041118421052633
frozenset({'Blue Velvet'}),"frozenset({'Godfather, The'})",0.03940886699507389,0.75,2.8908227848101262
frozenset({'Blue Velvet'}),frozenset({'Full Metal Jacket'}),0.03284072249589491,0.625,4.818037974683544
frozenset({'Blue Velvet'}),frozenset({'Pulp Fiction'}),0.03776683087027915,0.7187500000000001,1.7939293032786887
frozenset({'Blue Velvet'}),frozenset({'Memento'}),0.03284072249589491,0.625,3.1198770491803276
frozenset({'Blue Velvet'}),"frozenset({'Matrix, The'})",0.03284072249589491,0.625,1.714527027027027
frozenset({'Blue Velvet'}),frozenset({'Reservoir Dogs'}),0.034482758620689655,0.65625,3.7703419811320753
frozenset({'Donnie Brasco'}),"frozenset({'Silence of the Lambs, The'})",0.03776683087027915,0.7419354838709677,2.008172043010753
frozenset({'Donnie Brasco'}),frozenset({'Goodfellas'}),0.03284072249589491,0.6451612903225806,3.8145944253053554
frozenset({'Donnie Brasco'}),frozenset({'American Beauty'}),0.03284072249589491,0.6451612903225806,2.5848896434634976
frozenset({'Donnie Brasco'}),frozenset({'Star Wars: Episode IV - A New Hope'}),0.03284072249589491,0.6451612903225806,1.9547424169475205
frozenset({'Donnie Brasco'}),frozenset({'Pulp Fiction'}),0.042692939244663386,0.8387096774193549,2.0933368588048653
frozenset({'Donnie Brasco'}),frozenset({'Reservoir Dogs'}),0.041050903119868636,0.8064516129032258,4.633292757151551
frozenset({'Donnie Brasco'}),frozenset({'Fight Club'}),0.03776683087027915,0.7419354838709677,2.524238601549829
frozenset({'Donnie Brasco'}),"frozenset({'Shawshank Redemption, The'})",0.03776683087027915,0.7419354838709677,1.6490463856840123
frozenset({'Donnie Brasco'}),"frozenset({'Usual Suspects, The'})",0.034482758620689655,0.6774193548387096,2.5309716999802094
frozenset({'Donnie Brasco'}),frozenset({'Full Metal Jacket'}),0.03284072249589491,0.6451612903225806,4.973458554512045
frozenset({'Donnie Brasco'}),frozenset({'American History X'}),0.03284072249589491,0.6451612903225806,3.777915632754342
frozenset({'Donnie Brasco'}),frozenset({'Saving Private Ryan'}),0.03284072249589491,0.6451612903225806,2.786547700754976
frozenset({'Donnie Brasco'}),"frozenset({'Matrix, The'})",0.03284072249589491,0.6451612903225806,1.7698343504795118
frozenset({'Donnie Brasco'}),"frozenset({'Godfather, The'})",0.031198686371100164,0.6129032258064516,2.3623928133932215
frozenset({'Erin Brockovich'}),"frozenset({'Matrix, The'})",0.029556650246305417,0.6,1.6459459459459458
frozenset({'Beauty and the Beast'}),frozenset({'Aladdin'}),0.08866995073891626,0.675,3.63783185840708
frozenset({'Beauty and the Beast'}),"frozenset({'Lion King, The'})",0.08538587848932677,0.65,3.4421739130434785
frozenset({'Babe'}),"frozenset({'Silence of the Lambs, The'})",0.07389162561576355,0.6000000000000001,1.6240000000000003
frozenset({'Dead Man Walking'}),"frozenset({'Shawshank Redemption, The'})",0.052545155993431854,0.6956521739130435,1.5461758172008886
frozenset({'Get Shorty'}),frozenset({'Pulp Fiction'}),0.06732348111658457,0.9111111111111111,2.2740437158469944
frozenset({'Get Shorty'}),"frozenset({'Fugitive, The'})",0.04926108374384237,0.6666666666666666,2.963503649635036
frozenset({'Get Shorty'}),"frozenset({'Usual Suspects, The'})",0.04433497536945813,0.6,2.241717791411043
frozenset({'Get Shorty'}),"frozenset({'Shawshank Redemption, The'})",0.05090311986863711,0.6888888888888888,1.5311435523114352
frozenset({'Get Shorty'}),"frozenset({'Silence of the Lambs, The'})",0.04597701149425287,0.6222222222222221,1.684148148148148
frozenset({'In the Line of Fire'}),"frozenset({'Fugitive, The'})",0.05747126436781609,0.9459459459459459,4.204971394752417
frozenset({'In the Line of Fire'}),frozenset({'Pulp Fiction'}),0.03776683087027915,0.6216216216216216,1.551506424457244
frozenset({'In the Line of Fire'}),frozenset({'Jurassic Park'}),0.042692939244663386,0.7027027027027027,2.951351351351352
frozenset({'In the Line of Fire'}),frozenset({'Forrest Gump'}),0.042692939244663386,0.7027027027027027,1.7186584174535984
frozenset({'In the Line of Fire'}),"frozenset({'Silence of the Lambs, The'})",0.03940886699507389,0.6486486486486487,1.7556756756756757
frozenset({'Snow White and the Seven Dwarfs'}),frozenset({'Aladdin'}),0.041050903119868636,0.6756756756756757,3.6414733317388186
frozenset({'Snow White and the Seven Dwarfs'}),frozenset({'Beauty and the Beast'}),0.03940886699507389,0.6486486486486487,4.937837837837838
frozenset({'Snow White and the Seven Dwarfs'}),"frozenset({'Lion King, The'})",0.042692939244663386,0.7027027027027027,3.721269095182139
frozenset({'Snow White and the Seven Dwarfs'}),frozenset({'Forrest Gump'}),0.041050903119868636,0.6756756756756757,1.6525561706284597
frozenset({'Little Women'}),frozenset({'Dances with Wolves'}),0.029556650246305417,0.6,3.5475728155339805
frozenset({'Little Women'}),frozenset({'Forrest Gump'}),0.03284072249589491,0.6666666666666666,1.6305220883534135
frozenset({'Apollo 13'}),"frozenset({'Shawshank Redemption, The'})",0.1477832512315271,0.7086614173228347,1.5750905224438188
frozenset({'Apollo 13'}),frozenset({'Forrest Gump'}),0.13957307060755336,0.6692913385826772,1.6369414666540176
frozenset({'Twelve Monkeys (a.k.a. 12 Monkeys)'}),frozenset({'Pulp Fiction'}),0.13136288998357964,0.6779661016949152,1.6921367046401776
"frozenset({'Lion King, The'})",frozenset({'Forrest Gump'}),0.1297208538587849,0.6869565217391305,1.6801466736511264
frozenset({'Independence Day (a.k.a. ID4)'}),frozenset({'Jurassic Park'}),0.08538587848932677,0.6190476190476191,2.6
frozenset({'True Lies'}),frozenset({'Braveheart'}),0.08702791461412152,0.6708860759493671,2.461262772609425
frozenset({'True Lies'}),"frozenset({'Silence of the Lambs, The'})",0.08702791461412152,0.6708860759493671,1.8158649789029537
frozenset({'True Lies'}),frozenset({'Forrest Gump'}),0.08374384236453201,0.6455696202531644,1.578923288089065
frozenset({'True Lies'}),frozenset({'Jurassic Park'}),0.07881773399014778,0.6075949367088608,2.5518987341772155
frozenset({'True Lies'}),frozenset({'Terminator 2: Judgment Day'}),0.08210180623973727,0.6329113924050632,2.5696202531645564
frozenset({'Speed'}),"frozenset({'Fugitive, The'})",0.07881773399014778,0.6233766233766234,2.7710683477106834
frozenset({'Speed'}),frozenset({'Forrest Gump'}),0.07881773399014778,0.6233766233766234,1.524644030668127
frozenset({'Pretty Woman'}),frozenset({'Forrest Gump'}),0.08045977011494253,0.7903225806451613,1.9329576369996113
frozenset({'Casino'}),"frozenset({'Silence of the Lambs, The'})",0.05747126436781609,0.6140350877192983,1.6619883040935672
frozenset({'Casino'}),frozenset({'Pulp Fiction'}),0.07389162561576355,0.7894736842105264,1.9704486626402073
frozenset({'Casino'}),"frozenset({'Usual Suspects, The'})",0.05747126436781609,0.6140350877192983,2.2941556344849854
frozenset({'Stargate'}),frozenset({'Jurassic Park'}),0.052545155993431854,0.6037735849056604,2.5358490566037735
frozenset({'Mrs. Doubtfire'}),frozenset({'Forrest Gump'}),0.0722495894909688,0.830188679245283,2.0304614685155715
frozenset({'Mrs. Doubtfire'}),"frozenset({'Fugitive, The'})",0.054187192118226604,0.6226415094339622,2.7678005784327224
frozenset({'Mrs. Doubtfire'}),frozenset({'Jurassic Park'}),0.054187192118226604,0.6226415094339622,2.6150943396226416
frozenset({'Mrs. Doubtfire'}),"frozenset({'Lion King, The'})",0.052545155993431854,0.6037735849056604,3.197374897456932
frozenset({'Jumanji'}),"frozenset({'Lion King, The'})",0.05747126436781609,0.7000000000000001,3.706956521739131
frozenset({'Jumanji'}),frozenset({'Jurassic Park'}),0.05747126436781609,0.7000000000000001,2.9400000000000004
frozenset({'Jumanji'}),frozenset({'Forrest Gump'}),0.05747126436781609,0.7000000000000001,1.7120481927710844
"frozenset({'Firm, The'})","frozenset({'Fugitive, The'})",0.054187192118226604,0.6875,3.0561131386861313
"frozenset({'Firm, The'})",frozenset({'Apollo 13'}),0.05090311986863711,0.6458333333333334,3.096948818897638
"frozenset({'Firm, The'})","frozenset({'Silence of the Lambs, The'})",0.05090311986863711,0.6458333333333334,1.7480555555555557
"frozenset({'Firm, The'})",frozenset({'Forrest Gump'}),0.05090311986863711,0.6458333333333334,1.5795682730923695
"frozenset({'Firm, The'})",frozenset({'Jurassic Park'}),0.047619047619047616,0.6041666666666666,2.5375
frozenset({'Ghost'}),frozenset({'Forrest Gump'}),0.059113300492610835,0.7826086956521738,1.9140911471974853
frozenset({'Ghost'}),"frozenset({'Fugitive, The'})",0.047619047619047616,0.6304347826086956,2.8024436686766103
frozenset({'Ghost'}),frozenset({'Jurassic Park'}),0.047619047619047616,0.6304347826086956,2.6478260869565213
"frozenset({""What's Eating Gilbert Grape""})",frozenset({'Forrest Gump'}),0.05090311986863711,0.6888888888888888,1.6848728246318605
"frozenset({""What's Eating Gilbert Grape""})","frozenset({'Silence of the Lambs, The'})",0.04926108374384237,0.6666666666666666,1.8044444444444443
"frozenset({""What's Eating Gilbert Grape""})",frozenset({'Pulp Fiction'}),0.059113300492610835,0.7999999999999999,1.9967213114754097
"frozenset({""Mr. Holland's Opus""})",frozenset({'Forrest Gump'}),0.04597701149425287,0.6363636363636364,1.556407447973713
"frozenset({'American President, The'})","frozenset({'Fugitive, The'})",0.052545155993431854,0.7441860465116279,3.3080970972670176
"frozenset({'American President, The'})","frozenset({'Shawshank Redemption, The'})",0.05090311986863711,0.7209302325581396,1.6023595314887118
"frozenset({'American President, The'})",frozenset({'Forrest Gump'}),0.04926108374384237,0.6976744186046512,1.7063603250210144
"frozenset({'American President, The'})",frozenset({'Dances with Wolves'}),0.04597701149425287,0.6511627906976745,3.850079024610522
"frozenset({'American President, The'})",frozenset({'Apollo 13'}),0.04433497536945813,0.627906976744186,3.0109869987181836
"frozenset({'American President, The'})","frozenset({'Silence of the Lambs, The'})",0.042692939244663386,0.6046511627906977,1.636589147286822
frozenset({'Outbreak'}),frozenset({'Apollo 13'}),0.05090311986863711,0.7209302325581396,3.4570591466764333
frozenset({'Outbreak'}),frozenset({'Jurassic Park'}),0.047619047619047616,0.6744186046511628,2.832558139534884
frozenset({'Outbreak'}),frozenset({'Braveheart'}),0.04597701149425287,0.6511627906976745,2.38890445502942
frozenset({'Outbreak'}),frozenset({'Forrest Gump'}),0.04433497536945813,0.627906976744186,1.535724292518913
frozenset({'Outbreak'}),"frozenset({'Fugitive, The'})",0.042692939244663386,0.6046511627906977,2.687828891529452
frozenset({'Star Trek: Generations'}),frozenset({'Jurassic Park'}),0.04433497536945813,0.6428571428571429,2.7
frozenset({'While You Were Sleeping'}),frozenset({'Aladdin'}),0.042692939244663386,0.6341463414634146,3.417655946470969
frozenset({'While You Were Sleeping'}),frozenset({'Forrest Gump'}),0.042692939244663386,0.6341463414634146,1.5509844255069056
frozenset({'Dave'}),"frozenset({'Fugitive, The'})",0.05090311986863711,0.775,3.44507299270073
frozenset({'Dave'}),frozenset({'Forrest Gump'}),0.04597701149425287,0.7,1.7120481927710842
frozenset({'Dave'}),"frozenset({'Silence of the Lambs, The'})",0.041050903119868636,0.625,1.6916666666666667
frozenset({'Dave'}),frozenset({'Apollo 13'}),0.03940886699507389,0.6,2.8771653543307085
frozenset({'Dave'}),frozenset({'Jurassic Park'}),0.03940886699507389,0.6,2.52
frozenset({'Dave'}),frozenset({'Pulp Fiction'}),0.041050903119868636,0.625,1.5599385245901638
frozenset({'Happy Gilmore'}),frozenset({'Forrest Gump'}),0.04433497536945813,0.6923076923076923,1.6932344763670064
frozenset({'Happy Gilmore'}),frozenset({'Star Wars: Episode IV - A New Hope'}),0.03940886699507389,0.6153846153846153,1.864523536165327
frozenset({'Philadelphia'}),frozenset({'Forrest Gump'}),0.042692939244663386,0.7878787878787878,1.926980649872216
frozenset({'Philadelphia'}),"frozenset({'Shawshank Redemption, The'})",0.03940886699507389,0.7272727272727273,1.6164565361645653
frozenset({'Philadelphia'}),"frozenset({'Silence of the Lambs, The'})",0.034482758620689655,0.6363636363636364,1.7224242424242424
frozenset({'Philadelphia'}),frozenset({'Braveheart'}),0.03284072249589491,0.6060606060606061,2.223439211391019
frozenset({'Philadelphia'}),"frozenset({""Schindler's List""})",0.034482758620689655,0.6363636363636364,2.214545454545455
frozenset({'Philadelphia'}),frozenset({'Pulp Fiction'}),0.034482758620689655,0.6363636363636364,1.5883010432190758
"frozenset({'Crow, The'})",frozenset({'Forrest Gump'}),0.03776683087027915,0.7187500000000001,1.7579066265060244
"frozenset({'Crow, The'})",frozenset({'Braveheart'}),0.03284072249589491,0.625,2.292921686746988
"frozenset({'Crow, The'})","frozenset({'Silence of the Lambs, The'})",0.03284072249589491,0.625,1.6916666666666667
"frozenset({'Crow, The'})","frozenset({'Matrix, The'})",0.0361247947454844,0.6875,1.8859797297297298
"frozenset({'Crow, The'})",frozenset({'Fight Club'}),0.034482758620689655,0.65625,2.2327164804469275
"frozenset({'Crow, The'})",frozenset({'Terminator 2: Judgment Day'}),0.03284072249589491,0.625,2.5375
"frozenset({'Crow, The'})",frozenset({'Star Wars: Episode V - The Empire Strikes Back'}),0.03284072249589491,0.625,2.265625
"frozenset({'Crow, The'})",frozenset({'Pulp Fiction'}),0.03940886699507389,0.75,1.8719262295081966
"frozenset({'Lord of the Rings: The Fellowship of the Ring, The'})","frozenset({'Matrix, The'})",0.1592775041050903,0.6643835616438356,1.822565716401333
"frozenset({'Lord of the Rings: The Fellowship of the Ring, The'})",frozenset({'Fight Club'}),0.1444991789819376,0.6027397260273972,2.050661972908854
"frozenset({'Lord of the Rings: The Return of the King, The'})","frozenset({'Lord of the Rings: The Fellowship of the Ring, The'})",0.1986863711001642,0.8642857142857143,3.60513698630137
"frozenset({'Lord of the Rings: The Fellowship of the Ring, The'})","frozenset({'Lord of the Rings: The Return of the King, The'})",0.1986863711001642,0.8287671232876712,3.60513698630137
"frozenset({'Lord of the Rings: The Return of the King, The'})","frozenset({'Matrix, The'})",0.15599343185550082,0.6785714285714286,1.8614864864864866
"frozenset({'Lord of the Rings: The Return of the King, The'})",frozenset({'Fight Club'}),0.13957307060755336,0.6071428571428571,2.065642458100559
"frozenset({'Lord of the Rings: The Return of the King, The'})","frozenset({'Lord of the Rings: The Two Towers, The'})",0.1921182266009852,0.8357142857142856,3.885114503816794
"frozenset({'Lord of the Rings: The Two Towers, The'})","frozenset({'Lord of the Rings: The Return of the King, The'})",0.1921182266009852,0.8931297709923665,3.8851145038167942
"frozenset({'Lord of the Rings: The Fellowship of the Ring, The'})","frozenset({'Lord of the Rings: The Two Towers, The'})",0.1839080459770115,0.7671232876712328,3.5662449022273344
"frozenset({'Lord of the Rings: The Two Towers, The'})","frozenset({'Lord of the Rings: The Fellowship of the Ring, The'})",0.1839080459770115,0.8549618320610688,3.566244902227335
"frozenset({'Lord of the Rings: The Two Towers, The'})","frozenset({'Matrix, The'})",0.13957307060755336,0.648854961832061,1.7799669898906538
frozenset({'Shrek'}),"frozenset({'Matrix, The'})",0.11658456486042693,0.6228070175438597,1.7085111427216693
"frozenset({'Beautiful Mind, A'})",frozenset({'Forrest Gump'}),0.09852216748768473,0.6666666666666666,1.6305220883534135
"frozenset({'Beautiful Mind, A'})","frozenset({'Matrix, The'})",0.09195402298850575,0.6222222222222221,1.7069069069069067
frozenset({'Pirates of the Caribbean: The Curse of the Black Pearl'}),"frozenset({'Lord of the Rings: The Return of the King, The'})",0.10673234811165845,0.7303370786516854,3.1769662921348316
frozenset({'Pirates of the Caribbean: The Curse of the Black Pearl'}),"frozenset({'Lord of the Rings: The Fellowship of the Ring, The'})",0.10509031198686371,0.7191011235955056,2.9995382484223487
frozenset({'Pirates of the Caribbean: The Curse of the Black Pearl'}),"frozenset({'Lord of the Rings: The Two Towers, The'})",0.09523809523809523,0.651685393258427,3.0295908740029165
frozenset({'Pirates of the Caribbean: The Curse of the Black Pearl'}),"frozenset({'Matrix, The'})",0.10509031198686371,0.7191011235955056,1.9726692985119951
"frozenset({'Monsters, Inc.'})",frozenset({'Shrek'}),0.08866995073891626,0.6206896551724138,3.3157894736842106
"frozenset({'Monsters, Inc.'})",frozenset({'Finding Nemo'}),0.090311986863711,0.632183908045977,4.052631578947368
"frozenset({'Monsters, Inc.'})","frozenset({'Matrix, The'})",0.08866995073891626,0.6206896551724138,1.7027027027027029
"frozenset({""Ocean's Eleven""})","frozenset({'Lord of the Rings: The Fellowship of the Ring, The'})",0.07881773399014778,0.6,2.502739726027397
"frozenset({""Ocean's Eleven""})","frozenset({'Matrix, The'})",0.09523809523809523,0.725,1.9888513513513513
"frozenset({""Ocean's Eleven""})",frozenset({'Fight Club'}),0.08702791461412152,0.6625,2.2539804469273745
"frozenset({'Incredibles, The'})","frozenset({'Lord of the Rings: The Return of the King, The'})",0.09359605911330049,0.7215189873417721,3.1386075949367087
"frozenset({'Incredibles, The'})","frozenset({'Lord of the Rings: The Two Towers, The'})",0.08866995073891626,0.6835443037974683,3.1776983283409024
"frozenset({'Incredibles, The'})",frozenset({'Shrek'}),0.08374384236453201,0.6455696202531644,3.4487008660892733
"frozenset({'Incredibles, The'})","frozenset({'Lord of the Rings: The Fellowship of the Ring, The'})",0.08045977011494253,0.620253164556962,2.5872203918848617
frozenset({'Dr. Strangelove or: How I Learned to Stop Worrying and Love the Bomb'}),"frozenset({'Silence of the Lambs, The'})",0.07881773399014778,0.6153846153846153,1.6656410256410255
frozenset({'Dr. Strangelove or: How I Learned to Stop Worrying and Love the Bomb'}),frozenset({'Pulp Fiction'}),0.08538587848932677,0.6666666666666666,1.6639344262295082
frozenset({'Dr. Strangelove or: How I Learned to Stop Worrying and Love the Bomb'}),"frozenset({'Godfather, The'})",0.08210180623973727,0.641025641025641,2.4707887049659196
frozenset({'Mission: Impossible'}),frozenset({'Jurassic Park'}),0.07717569786535304,0.6103896103896104,2.5636363636363635
frozenset({'2001: A Space Odyssey'}),frozenset({'Star Wars: Episode IV - A New Hope'}),0.08866995073891626,0.7105263157894737,2.1527886881382563
frozenset({'2001: A Space Odyssey'}),frozenset({'Star Wars: Episode V - The Empire Strikes Back'}),0.08045977011494253,0.6447368421052632,2.337171052631579
frozenset({'2001: A Space Odyssey'}),"frozenset({'Silence of the Lambs, The'})",0.07881773399014778,0.631578947368421,1.7094736842105263
frozenset({'2001: A Space Odyssey'}),frozenset({'Pulp Fiction'}),0.08045977011494253,0.6447368421052632,1.6091997411561692
frozenset({'2001: A Space Odyssey'}),frozenset({'Blade Runner'}),0.07881773399014778,0.631578947368421,4.3708133971291865
frozenset({'2001: A Space Odyssey'}),"frozenset({'Matrix, The'})",0.07717569786535304,0.618421052631579,1.6964793741109532
frozenset({'Catch Me If You Can'}),frozenset({'Forrest Gump'}),0.08374384236453201,0.6891891891891891,1.685607294041029
frozenset({'Catch Me If You Can'}),"frozenset({'Beautiful Mind, A'})",0.07717569786535304,0.6351351351351351,4.297747747747747
frozenset({'Catch Me If You Can'}),"frozenset({""Ocean's Eleven""})",0.07389162561576355,0.6081081081081081,4.629222972972973
frozenset({'Catch Me If You Can'}),"frozenset({'Shawshank Redemption, The'})",0.08374384236453201,0.6891891891891891,1.5318110080883802
frozenset({'Catch Me If You Can'}),"frozenset({'Matrix, The'})",0.08045977011494253,0.6621621621621622,1.8164718772826882
frozenset({'Catch Me If You Can'}),frozenset({'Fight Club'}),0.0755336617405583,0.6216216216216216,2.114902612109316
frozenset({'Spirited Away (Sen to Chihiro no kamikakushi)'}),frozenset({'Fight Club'}),0.07060755336617405,0.6231884057971014,2.120233179499636
frozenset({'Spirited Away (Sen to Chihiro no kamikakushi)'}),"frozenset({'Matrix, The'})",0.06896551724137931,0.6086956521739131,1.6698002350176264
frozenset({'Die Hard: With a Vengeance'}),frozenset({'Pulp Fiction'}),0.06896551724137931,0.6363636363636364,1.5883010432190758
frozenset({'Minority Report'}),frozenset({'Star Wars: Episode V - The Empire Strikes Back'}),0.07060755336617405,0.6615384615384615,2.398076923076923
frozenset({'Minority Report'}),frozenset({'Shrek'}),0.06732348111658457,0.6307692307692309,3.369635627530365
frozenset({'Minority Report'}),"frozenset({'Lord of the Rings: The Fellowship of the Ring, The'})",0.06732348111658457,0.6307692307692309,2.6310853530031615
frozenset({'Minority Report'}),frozenset({'Star Wars: Episode VI - Return of the Jedi'}),0.06732348111658457,0.6307692307692309,2.560923076923077
frozenset({'Minority Report'}),frozenset({'Star Wars: Episode IV - A New Hope'}),0.06732348111658457,0.6307692307692309,1.9111366245694608
frozenset({'Minority Report'}),"frozenset({'Monsters, Inc.'})",0.06568144499178982,0.6153846153846154,4.307692307692308
frozenset({'Minority Report'}),"frozenset({'Lord of the Rings: The Return of the King, The'})",0.06403940886699508,0.6000000000000001,2.6100000000000003
frozenset({'Minority Report'}),"frozenset({'Matrix, The'})",0.07717569786535304,0.7230769230769232,1.9835758835758839
frozenset({'Minority Report'}),frozenset({'Fight Club'}),0.06568144499178982,0.6153846153846154,2.09368285345939
frozenset({'Minority Report'}),frozenset({'Saving Private Ryan'}),0.06403940886699508,0.6000000000000001,2.591489361702128
"frozenset({'Hunt for Red October, The'})",frozenset({'Star Wars: Episode IV - A New Hope'}),0.07060755336617405,0.7413793103448276,2.2462686567164183
"frozenset({'Hunt for Red October, The'})",frozenset({'Star Wars: Episode V - The Empire Strikes Back'}),0.06896551724137931,0.7241379310344828,2.625
"frozenset({'Hunt for Red October, The'})",frozenset({'Star Wars: Episode VI - Return of the Jedi'}),0.059113300492610835,0.6206896551724138,2.52
"frozenset({'Hunt for Red October, The'})","frozenset({'Silence of the Lambs, The'})",0.05747126436781609,0.603448275862069,1.6333333333333333
"frozenset({'Hunt for Red October, The'})","frozenset({'Matrix, The'})",0.07060755336617405,0.7413793103448276,2.0337837837837838
"frozenset({'Hunt for Red October, The'})","frozenset({'Godfather, The'})",0.060755336617405585,0.6379310344827587,2.458860759493671
"frozenset({'Hunt for Red October, The'})",frozenset({'Terminator 2: Judgment Day'}),0.059113300492610835,0.6206896551724138,2.52
"frozenset({'Hunt for Red October, The'})",frozenset({'Raiders of the Lost Ark (Indiana Jones and the Raiders of the Lost Ark)'}),0.060755336617405585,0.6379310344827587,2.383435582822086
"frozenset({'Hunt for Red October, The'})","frozenset({'Fugitive, The'})",0.059113300492610835,0.6206896551724138,2.759124087591241
"frozenset({'Hunt for Red October, The'})",frozenset({'Saving Private Ryan'}),0.059113300492610835,0.6206896551724138,2.6808510638297873
frozenset({'Toy Story 2'}),frozenset({'Toy Story'}),0.0755336617405583,0.8214285714285715,3.403061224489796
frozenset({'Toy Story 2'}),frozenset({'Star Wars: Episode IV - A New Hope'}),0.06239737274220033,0.6785714285714286,2.0559701492537314
frozenset({'Toy Story 2'}),frozenset({'Forrest Gump'}),0.06239737274220033,0.6785714285714286,1.6596385542168675
frozenset({'Toy Story 2'}),frozenset({'Star Wars: Episode V - The Empire Strikes Back'}),0.05747126436781609,0.625,2.265625
frozenset({'Casino Royale'}),"frozenset({'Lord of the Rings: The Return of the King, The'})",0.060755336617405585,0.7115384615384615,3.0951923076923076
frozenset({'Casino Royale'}),frozenset({'Star Wars: Episode IV - A New Hope'}),0.060755336617405585,0.7115384615384615,2.1558553386911594
frozenset({'Casino Royale'}),frozenset({'Star Wars: Episode V - The Empire Strikes Back'}),0.059113300492610835,0.6923076923076922,2.509615384615384
frozenset({'Casino Royale'}),"frozenset({'Lord of the Rings: The Two Towers, The'})",0.054187192118226604,0.6346153846153846,2.9502348796241926
frozenset({'Casino Royale'}),frozenset({'Star Wars: Episode VI - Return of the Jedi'}),0.054187192118226604,0.6346153846153846,2.5765384615384614
frozenset({'Casino Royale'}),"frozenset({'Matrix, The'})",0.06568144499178982,0.7692307692307692,2.11018711018711
frozenset({'Casino Royale'}),"frozenset({'Bourne Identity, The'})",0.052545155993431854,0.6153846153846153,4.931174089068826
frozenset({'Casino Royale'}),frozenset({'Fight Club'}),0.05747126436781609,0.673076923076923,2.2899656209712074
"frozenset({""Harry Potter and the Sorcerer's Stone (a.k.a. Harry Potter and the Philosopher's Stone)""})",frozenset({'Harry Potter and the Chamber of Secrets'}),0.06239737274220033,0.6551724137931035,8.312500000000002
frozenset({'Harry Potter and the Chamber of Secrets'}),"frozenset({""Harry Potter and the Sorcerer's Stone (a.k.a. Harry Potter and the Philosopher's Stone)""})",0.06239737274220033,0.7916666666666666,8.3125
frozenset({'Harry Potter and the Chamber of Secrets'}),"frozenset({'Lord of the Rings: The Two Towers, The'})",0.047619047619047616,0.6041666666666666,2.80868320610687
frozenset({'Harry Potter and the Chamber of Secrets'}),frozenset({'Harry Potter and the Prisoner of Azkaban'}),0.05582922824302135,0.7083333333333334,7.07172131147541
frozenset({'X2: X-Men United'}),frozenset({'Star Wars: Episode VI - Return of the Jedi'}),0.05747126436781609,0.7954545454545455,3.229545454545455
frozenset({'X2: X-Men United'}),frozenset({'Star Wars: Episode V - The Empire Strikes Back'}),0.05582922824302135,0.7727272727272728,2.801136363636364
frozenset({'X2: X-Men United'}),"frozenset({'Lord of the Rings: The Two Towers, The'})",0.052545155993431854,0.7272727272727273,3.3809854267869537
frozenset({'X2: X-Men United'}),"frozenset({'Lord of the Rings: The Return of the King, The'})",0.05090311986863711,0.7045454545454546,3.0647727272727274
frozenset({'X2: X-Men United'}),frozenset({'Star Wars: Episode IV - A New Hope'}),0.05090311986863711,0.7045454545454546,2.134667571234736
frozenset({'X2: X-Men United'}),"frozenset({'Sixth Sense, The'})",0.047619047619047616,0.6590909090909091,3.2110909090909088
frozenset({'X2: X-Men United'}),"frozenset({'Lord of the Rings: The Fellowship of the Ring, The'})",0.047619047619047616,0.6590909090909091,2.7492216687422166
frozenset({'X2: X-Men United'}),"frozenset({'Monsters, Inc.'})",0.04597701149425287,0.6363636363636364,4.454545454545455
frozenset({'X2: X-Men United'}),frozenset({'Shrek'}),0.04597701149425287,0.6363636363636364,3.3995215311004787
frozenset({'X2: X-Men United'}),frozenset({'X-Men'}),0.05747126436781609,0.7954545454545455,6.822983354673497
frozenset({'X2: X-Men United'}),"frozenset({'Matrix, The'})",0.05747126436781609,0.7954545454545455,2.1821253071253075
frozenset({'X2: X-Men United'}),frozenset({'Raiders of the Lost Ark (Indiana Jones and the Raiders of the Lost Ark)'}),0.04433497536945813,0.6136363636363636,2.292665923034021
frozenset({'Spider-Man 2'}),"frozenset({'Lord of the Rings: The Two Towers, The'})",0.04926108374384237,0.7317073170731707,3.401601191584435
frozenset({'Spider-Man 2'}),frozenset({'Star Wars: Episode V - The Empire Strikes Back'}),0.04926108374384237,0.7317073170731707,2.652439024390244
frozenset({'Spider-Man 2'}),frozenset({'Pirates of the Caribbean: The Curse of the Black Pearl'}),0.047619047619047616,0.7073170731707317,4.839956152370513
frozenset({'Spider-Man 2'}),"frozenset({'Lord of the Rings: The Return of the King, The'})",0.047619047619047616,0.7073170731707317,3.0768292682926828
frozenset({'Spider-Man 2'}),frozenset({'Star Wars: Episode VI - Return of the Jedi'}),0.047619047619047616,0.7073170731707317,2.8717073170731706
frozenset({'Spider-Man 2'}),frozenset({'Star Wars: Episode IV - A New Hope'}),0.04433497536945813,0.6585365853658537,1.9952675646159448
frozenset({'Spider-Man 2'}),frozenset({'X2: X-Men United'}),0.041050903119868636,0.6097560975609756,8.439578713968958
frozenset({'Spider-Man 2'}),"frozenset({'Incredibles, The'})",0.041050903119868636,0.6097560975609756,4.7005248533497985
frozenset({'Spider-Man 2'}),frozenset({'Spider-Man'}),0.052545155993431854,0.7804878048780487,8.056221579164943
frozenset({'Spider-Man 2'}),"frozenset({'Matrix, The'})",0.04926108374384237,0.7317073170731707,2.007251153592617
frozenset({'Spider-Man 2'}),frozenset({'Raiders of the Lost Ark (Indiana Jones and the Raiders of the Lost Ark)'}),0.047619047619047616,0.7073170731707317,2.6426754451593593
frozenset({'Contact'}),frozenset({'Star Wars: Episode V - The Empire Strikes Back'}),0.04433497536945813,0.675,2.4468750000000004
frozenset({'Contact'}),frozenset({'Star Wars: Episode IV - A New Hope'}),0.04433497536945813,0.675,2.0451492537313434
frozenset({'Contact'}),frozenset({'Star Wars: Episode VI - Return of the Jedi'}),0.042692939244663386,0.65,2.6390000000000002
frozenset({'Contact'}),frozenset({'Forrest Gump'}),0.042692939244663386,0.65,1.5897590361445784
frozenset({'Contact'}),frozenset({'Back to the Future'}),0.03940886699507389,0.6,3.0198347107438015
frozenset({'Contact'}),"frozenset({'Silence of the Lambs, The'})",0.03940886699507389,0.6,1.6239999999999999
"frozenset({'Last Samurai, The'})","frozenset({'Lord of the Rings: The Return of the King, The'})",0.05090311986863711,0.7948717948717948,3.4576923076923074
"frozenset({'Last Samurai, The'})","frozenset({'Lord of the Rings: The Two Towers, The'})",0.04926108374384237,0.7692307692307692,3.5760422783323547
"frozenset({'Last Samurai, The'})","frozenset({'Lord of the Rings: The Fellowship of the Ring, The'})",0.047619047619047616,0.7435897435897435,3.1016859852476286
"frozenset({'Last Samurai, The'})",frozenset({'Forrest Gump'}),0.04597701149425287,0.7179487179487178,1.755946864380599
"frozenset({'Last Samurai, The'})",frozenset({'Star Wars: Episode V - The Empire Strikes Back'}),0.04433497536945813,0.6923076923076923,2.5096153846153846
"frozenset({'Last Samurai, The'})",frozenset({'Star Wars: Episode VI - Return of the Jedi'}),0.042692939244663386,0.6666666666666666,2.7066666666666666
"frozenset({'Last Samurai, The'})","frozenset({'Monsters, Inc.'})",0.041050903119868636,0.641025641025641,4.487179487179487
"frozenset({'Last Samurai, The'})","frozenset({""Ocean's Eleven""})",0.03940886699507389,0.6153846153846153,4.684615384615384
"frozenset({'Last Samurai, The'})",frozenset({'Star Wars: Episode IV - A New Hope'}),0.03940886699507389,0.6153846153846153,1.864523536165327
"frozenset({'Last Samurai, The'})","frozenset({'Matrix, The'})",0.04926108374384237,0.7692307692307692,2.11018711018711
"frozenset({'Last Samurai, The'})",frozenset({'Raiders of the Lost Ark (Indiana Jones and the Raiders of the Lost Ark)'}),0.03940886699507389,0.6153846153846153,2.2991977347805563
"frozenset({'Last Samurai, The'})",frozenset({'Good Will Hunting'}),0.041050903119868636,0.641025641025641,3.7901418969380134
"frozenset({'Last Samurai, The'})",frozenset({'Gladiator'}),0.03940886699507389,0.6153846153846153,3.1760104302477177
"frozenset({'Last Samurai, The'})",frozenset({'Saving Private Ryan'}),0.03940886699507389,0.6153846153846153,2.657937806873977
"frozenset({'Last Samurai, The'})",frozenset({'Fight Club'}),0.03940886699507389,0.6153846153846153,2.0936828534593896
frozenset({'Seven Samurai (Shichinin no samurai)'}),frozenset({'Star Wars: Episode V - The Empire Strikes Back'}),0.041050903119868636,0.6578947368421052,2.3848684210526314
frozenset({'Seven Samurai (Shichinin no samurai)'}),frozenset({'Star Wars: Episode IV - A New Hope'}),0.03940886699507389,0.631578947368421,1.9135899450117833
frozenset({'Seven Samurai (Shichinin no samurai)'}),"frozenset({'Silence of the Lambs, The'})",0.03940886699507389,0.631578947368421,1.7094736842105263
frozenset({'Seven Samurai (Shichinin no samurai)'}),frozenset({'Apocalypse Now'}),0.03776683087027915,0.6052631578947368,4.607565789473684
frozenset({'Seven Samurai (Shichinin no samurai)'}),frozenset({'American Beauty'}),0.03776683087027915,0.6052631578947368,2.425034626038781
frozenset({'Seven Samurai (Shichinin no samurai)'}),"frozenset({'Usual Suspects, The'})",0.03776683087027915,0.6052631578947368,2.2613819825637713
frozenset({'Seven Samurai (Shichinin no samurai)'}),frozenset({'Monty Python and the Holy Grail'}),0.03776683087027915,0.6052631578947368,3.649557060969255
frozenset({'Seven Samurai (Shichinin no samurai)'}),frozenset({'Alien'}),0.03776683087027915,0.6052631578947368,3.350956937799043
frozenset({'Seven Samurai (Shichinin no samurai)'}),frozenset({'Memento'}),0.03776683087027915,0.6052631578947368,3.0213546160483173
frozenset({'Seven Samurai (Shichinin no samurai)'}),frozenset({'Fargo'}),0.03776683087027915,0.6052631578947368,2.69054936611602
frozenset({'Seven Samurai (Shichinin no samurai)'}),"frozenset({'Godfather, The'})",0.04433497536945813,0.7105263157894737,2.7386742171885405
frozenset({'Seven Samurai (Shichinin no samurai)'}),"frozenset({'Matrix, The'})",0.04433497536945813,0.7105263157894737,1.9491465149359886
frozenset({'Seven Samurai (Shichinin no samurai)'}),frozenset({'Pulp Fiction'}),0.04433497536945813,0.7105263157894737,1.7734037963761864
frozenset({'Seven Samurai (Shichinin no samurai)'}),"frozenset({'Godfather: Part II, The'})",0.03776683087027915,0.6052631578947368,3.4449090014756516
"frozenset({'Matrix Reloaded, The'})","frozenset({'Lord of the Rings: The Two Towers, The'})",0.04597701149425287,0.7567567567567567,3.5180524035485865
"frozenset({'Matrix Reloaded, The'})","frozenset({'Lord of the Rings: The Return of the King, The'})",0.04433497536945813,0.7297297297297297,3.174324324324324
"frozenset({'Matrix Reloaded, The'})",frozenset({'Pirates of the Caribbean: The Curse of the Black Pearl'}),0.042692939244663386,0.7027027027027027,4.808381415122989
"frozenset({'Matrix Reloaded, The'})","frozenset({'Lord of the Rings: The Fellowship of the Ring, The'})",0.042692939244663386,0.7027027027027027,2.931136616068123
"frozenset({'Matrix Reloaded, The'})","frozenset({'Matrix, The'})",0.052545155993431854,0.8648648648648648,2.372534696859021
frozenset({'Top Gun'}),frozenset({'Star Wars: Episode VI - Return of the Jedi'}),0.042692939244663386,0.7428571428571429,3.016
frozenset({'Top Gun'}),frozenset({'Star Wars: Episode IV - A New Hope'}),0.041050903119868636,0.7142857142857143,2.164179104477612
frozenset({'Top Gun'}),frozenset({'Forrest Gump'}),0.041050903119868636,0.7142857142857143,1.7469879518072289
frozenset({'Top Gun'}),frozenset({'Jurassic Park'}),0.03940886699507389,0.6857142857142857,2.8800000000000003
frozenset({'Top Gun'}),frozenset({'Star Wars: Episode V - The Empire Strikes Back'}),0.03776683087027915,0.6571428571428571,2.382142857142857
frozenset({'Top Gun'}),frozenset({'Saving Private Ryan'}),0.0361247947454844,0.6285714285714286,2.7148936170212767
frozenset({'Top Gun'}),frozenset({'Braveheart'}),0.0361247947454844,0.6285714285714286,2.306024096385542
frozenset({'Top Gun'}),frozenset({'Raiders of the Lost Ark (Indiana Jones and the Raiders of the Lost Ark)'}),0.034482758620689655,0.6,2.241717791411043
frozenset({'Top Gun'}),"frozenset({'Matrix, The'})",0.034482758620689655,0.6,1.6459459459459458
frozenset({'Four Weddings and a Funeral'}),"frozenset({'Shawshank Redemption, The'})",0.06896551724137931,0.7,1.555839416058394
frozenset({'Four Weddings and a Funeral'}),"frozenset({'Silence of the Lambs, The'})",0.06732348111658457,0.6833333333333333,1.8495555555555556
frozenset({'Four Weddings and a Funeral'}),frozenset({'Pulp Fiction'}),0.06403940886699508,0.65,1.6223360655737704
frozenset({'Four Weddings and a Funeral'}),"frozenset({""Schindler's List""})",0.060755336617405585,0.6166666666666667,2.1460000000000004
frozenset({'Four Weddings and a Funeral'}),frozenset({'Forrest Gump'}),0.0722495894909688,0.7333333333333333,1.793574297188755
frozenset({'Interview with the Vampire: The Vampire Chronicles'}),frozenset({'Pulp Fiction'}),0.054187192118226604,0.6346153846153846,1.583937578814628
"frozenset({'Net, The'})",frozenset({'Dances with Wolves'}),0.034482758620689655,0.65625,3.8801577669902914
"frozenset({'Net, The'})",frozenset({'Apollo 13'}),0.03284072249589491,0.625,2.9970472440944884
"frozenset({'Net, The'})",frozenset({'Forrest Gump'}),0.03284072249589491,0.625,1.5286144578313252
frozenset({'Clerks'}),frozenset({'Pulp Fiction'}),0.08538587848932677,0.7647058823529412,1.9086306653809066
frozenset({'Clerks'}),"frozenset({'Silence of the Lambs, The'})",0.06896551724137931,0.6176470588235294,1.671764705882353
frozenset({'Ice Age'}),"frozenset({'Matrix, The'})",0.054187192118226604,0.7333333333333333,2.0117117117117114
frozenset({'Ice Age'}),frozenset({'Shrek'}),0.04926108374384237,0.6666666666666666,3.56140350877193
frozenset({'Ice Age'}),frozenset({'Pirates of the Caribbean: The Curse of the Black Pearl'}),0.04433497536945813,0.6,4.10561797752809
frozenset({'Adaptation'}),frozenset({'Eternal Sunshine of the Spotless Mind'}),0.03284072249589491,0.6451612903225806,3.7419354838709675
frozenset({'Adaptation'}),frozenset({'Memento'}),0.031198686371100164,0.6129032258064516,3.0594923320994183
frozenset({'Adaptation'}),frozenset({'Fargo'}),0.031198686371100164,0.6129032258064516,2.724511419825759
frozenset({'Adaptation'}),"frozenset({'Matrix, The'})",0.031198686371100164,0.6129032258064516,1.6813426329555363
frozenset({'Adaptation'}),frozenset({'Pulp Fiction'}),0.031198686371100164,0.6129032258064516,1.5297461660497091
frozenset({'Batman Begins'}),"frozenset({'Dark Knight, The'})",0.08210180623973727,0.6756756756756757,3.6739864864864864
frozenset({'Batman Begins'}),"frozenset({'Lord of the Rings: The Return of the King, The'})",0.07881773399014778,0.6486486486486487,2.8216216216216217
frozenset({'Batman Begins'}),"frozenset({'Lord of the Rings: The Fellowship of the Ring, The'})",0.07389162561576355,0.6081081081081081,2.5365605331358756
frozenset({'Batman Begins'}),"frozenset({'Shawshank Redemption, The'})",0.08702791461412152,0.7162162162162162,1.591882028013415
frozenset({'Batman Begins'}),"frozenset({'Matrix, The'})",0.08538587848932677,0.7027027027027027,1.9276844411979548
frozenset({'Batman Begins'}),frozenset({'Fight Club'}),0.08045977011494253,0.6621621621621622,2.252831043333837
frozenset({'Batman Begins'}),frozenset({'Star Wars: Episode IV - A New Hope'}),0.07717569786535304,0.6351351351351351,1.9243646631706333
frozenset({'Batman Begins'}),frozenset({'Star Wars: Episode V - The Empire Strikes Back'}),0.07389162561576355,0.6081081081081081,2.204391891891892
frozenset({'Batman Begins'}),frozenset({'Pulp Fiction'}),0.07389162561576355,0.6081081081081081,1.517778023925565
frozenset({'Up'}),"frozenset({'Dark Knight, The'})",0.07060755336617405,0.6142857142857143,3.340178571428572
frozenset({'Up'}),frozenset({'Forrest Gump'}),0.07060755336617405,0.6142857142857143,1.502409638554217
"frozenset({'Dark Knight Rises, The'})","frozenset({'Dark Knight, The'})",0.07389162561576355,0.8181818181818182,4.448863636363637
"frozenset({'Dark Knight Rises, The'})","frozenset({'Lord of the Rings: The Return of the King, The'})",0.06239737274220033,0.6909090909090909,3.0054545454545454
"frozenset({'Dark Knight Rises, The'})","frozenset({'Lord of the Rings: The Fellowship of the Ring, The'})",0.06239737274220033,0.6909090909090909,2.881942714819427
"frozenset({'Dark Knight Rises, The'})","frozenset({'Shawshank Redemption, The'})",0.06239737274220033,0.6909090909090909,1.535633709356337
"frozenset({'Dark Knight Rises, The'})",frozenset({'Inception'}),0.060755336617405585,0.6727272727272727,3.8288870008496176
"frozenset({'Dark Knight Rises, The'})","frozenset({'Matrix, The'})",0.059113300492610835,0.6545454545454545,1.7955773955773955
"frozenset({'Dark Knight Rises, The'})",frozenset({'Star Wars: Episode IV - A New Hope'}),0.05747126436781609,0.6363636363636364,1.9280868385345997
"frozenset({'Dark Knight Rises, The'})",frozenset({'Fight Club'}),0.05582922824302135,0.6181818181818182,2.1031995937023873
"frozenset({""King's Speech, The""})",frozenset({'Inception'}),0.041050903119868636,0.6097560975609756,3.4704809664919076
frozenset({'Love Actually'}),frozenset({'Shrek'}),0.034482758620689655,0.6176470588235294,3.2995356037151704
frozenset({'Terminator 2: Judgment Day'}),frozenset({'Pulp Fiction'}),0.15763546798029557,0.64,1.5973770491803279
frozenset({'Terminator 2: Judgment Day'}),"frozenset({'Matrix, The'})",0.1510673234811166,0.6133333333333334,1.6825225225225227
frozenset({'Titanic'}),frozenset({'Forrest Gump'}),0.06896551724137931,0.626865671641791,1.5331774860636573
"frozenset({""There's Something About Mary""})",frozenset({'Forrest Gump'}),0.05582922824302135,0.6181818181818182,1.5119386637458927
"frozenset({""There's Something About Mary""})","frozenset({'Silence of the Lambs, The'})",0.054187192118226604,0.6,1.6239999999999999
"frozenset({""There's Something About Mary""})",frozenset({'Star Wars: Episode V - The Empire Strikes Back'}),0.059113300492610835,0.6545454545454545,2.3727272727272726
"frozenset({""There's Something About Mary""})","frozenset({'Matrix, The'})",0.05747126436781609,0.6363636363636364,1.7457002457002457
"frozenset({""There's Something About Mary""})",frozenset({'Pulp Fiction'}),0.05582922824302135,0.6181818181818182,1.5429210134128166
frozenset({'As Good as It Gets'}),"frozenset({'Silence of the Lambs, The'})",0.05747126436781609,0.660377358490566,1.7874213836477988
frozenset({'As Good as It Gets'}),frozenset({'Forrest Gump'}),0.05582922824302135,0.6415094339622641,1.5689929529438509
frozenset({'As Good as It Gets'}),"frozenset({'Matrix, The'})",0.054187192118226604,0.6226415094339622,1.708057113717491
frozenset({'As Good as It Gets'}),frozenset({'American Beauty'}),0.054187192118226604,0.6226415094339622,2.4946623634558094
frozenset({'As Good as It Gets'}),frozenset({'Star Wars: Episode IV - A New Hope'}),0.052545155993431854,0.6037735849056604,1.8293438468037173
frozenset({'Sling Blade'}),"frozenset({'Shawshank Redemption, The'})",0.041050903119868636,0.7352941176470588,1.6342851009016743
frozenset({'Sling Blade'}),"frozenset({'Silence of the Lambs, The'})",0.03940886699507389,0.7058823529411765,1.9105882352941177
frozenset({'Sling Blade'}),frozenset({'Pulp Fiction'}),0.04433497536945813,0.7941176470588235,1.9820395371263257
frozenset({'Sling Blade'}),frozenset({'Star Wars: Episode IV - A New Hope'}),0.0361247947454844,0.6470588235294117,1.9604916593503072
frozenset({'Sling Blade'}),"frozenset({'Matrix, The'})",0.0361247947454844,0.6470588235294117,1.7750397456279807
frozenset({'Sling Blade'}),frozenset({'Fargo'}),0.04597701149425287,0.8235294117647058,3.660798626019751
frozenset({'Sling Blade'}),"frozenset({'Usual Suspects, The'})",0.03776683087027915,0.6764705882352942,2.527426921688921
frozenset({'Sling Blade'}),frozenset({'Reservoir Dogs'}),0.03776683087027915,0.6764705882352942,3.886514983351831
frozenset({'Sling Blade'}),frozenset({'Alien'}),0.034482758620689655,0.6176470588235294,3.41951871657754
frozenset({'Clueless'}),frozenset({'Forrest Gump'}),0.041050903119868636,0.625,1.5286144578313252
frozenset({'Snatch'}),"frozenset({'Matrix, The'})",0.090311986863711,0.7746478873239437,2.125047582794062
frozenset({'Snatch'}),frozenset({'Fight Club'}),0.09195402298850575,0.7887323943661972,2.683452671335275
frozenset({'Snatch'}),frozenset({'Pulp Fiction'}),0.08866995073891626,0.7605633802816902,1.8982913876702843
frozenset({'Snatch'}),frozenset({'Star Wars: Episode IV - A New Hope'}),0.0722495894909688,0.6197183098591549,1.8776539836031112
frozenset({'Snatch'}),"frozenset({'Usual Suspects, The'})",0.07060755336617405,0.6056338028169014,2.262766784757625
"frozenset({'Patriot, The'})","frozenset({'Matrix, The'})",0.03940886699507389,0.6857142857142857,1.8810810810810812
"frozenset({'Patriot, The'})",frozenset({'Raiders of the Lost Ark (Indiana Jones and the Raiders of the Lost Ark)'}),0.034482758620689655,0.6,2.241717791411043
"frozenset({'Patriot, The'})",frozenset({'Saving Private Ryan'}),0.03776683087027915,0.6571428571428571,2.8382978723404255
"frozenset({'Patriot, The'})",frozenset({'Forrest Gump'}),0.03776683087027915,0.6571428571428571,1.6072289156626507
frozenset({'Sleepless in Seattle'}),frozenset({'Forrest Gump'}),0.06568144499178982,0.8333333333333334,2.038152610441767
frozenset({'Sleepless in Seattle'}),frozenset({'Jurassic Park'}),0.047619047619047616,0.6041666666666666,2.5375
frozenset({'Leaving Las Vegas'}),frozenset({'Twelve Monkeys (a.k.a. 12 Monkeys)'}),0.04597701149425287,0.6511627906976745,3.3606621994481674
frozenset({'Leaving Las Vegas'}),frozenset({'Pulp Fiction'}),0.047619047619047616,0.6744186046511628,1.683282500953107
frozenset({'Leaving Las Vegas'}),frozenset({'Fargo'}),0.042692939244663386,0.6046511627906977,2.687828891529452
frozenset({'Natural Born Killers'}),"frozenset({'Silence of the Lambs, The'})",0.04597701149425287,0.8,2.1653333333333333
frozenset({'Natural Born Killers'}),frozenset({'Forrest Gump'}),0.03776683087027915,0.6571428571428571,1.6072289156626507
frozenset({'Natural Born Killers'}),frozenset({'Seven (a.k.a. Se7en)'}),0.0361247947454844,0.6285714285714286,2.7342857142857144
frozenset({'Natural Born Killers'}),frozenset({'Pulp Fiction'}),0.052545155993431854,0.9142857142857143,2.281967213114754
frozenset({'Legends of the Fall'}),frozenset({'Dances with Wolves'}),0.034482758620689655,0.6774193548387096,4.005324146570623
frozenset({'Legends of the Fall'}),frozenset({'Braveheart'}),0.034482758620689655,0.6774193548387096,2.485231247570929
frozenset({'Legends of the Fall'}),frozenset({'Forrest Gump'}),0.034482758620689655,0.6774193548387096,1.6568208317139526
frozenset({'Legends of the Fall'}),"frozenset({'Shawshank Redemption, The'})",0.03776683087027915,0.7419354838709677,1.6490463856840123
"frozenset({'Godfather, The'})",frozenset({'Pulp Fiction'}),0.17898193760262726,0.689873417721519,1.7218561942311683
"frozenset({'Godfather, The'})",frozenset({'Star Wars: Episode IV - A New Hope'}),0.16420361247947454,0.6329113924050632,1.9176270546004155
"frozenset({'Godfather, The'})","frozenset({'Matrix, The'})",0.15599343185550082,0.6012658227848101,1.6494184057475196
"frozenset({'Godfather, The'})","frozenset({'Silence of the Lambs, The'})",0.1592775041050903,0.6139240506329113,1.66168776371308
frozenset({'Aliens'}),frozenset({'Alien'}),0.10673234811165845,0.7647058823529411,4.233689839572192
frozenset({'Aliens'}),"frozenset({'Matrix, The'})",0.10673234811165845,0.7647058823529411,2.0977742448330683
frozenset({'Aliens'}),frozenset({'Star Wars: Episode V - The Empire Strikes Back'}),0.10180623973727422,0.7294117647058824,2.644117647058824
frozenset({'Aliens'}),frozenset({'Star Wars: Episode IV - A New Hope'}),0.09688013136288999,0.6941176470588236,2.103072870939421
frozenset({'Aliens'}),frozenset({'Terminator 2: Judgment Day'}),0.09523809523809523,0.6823529411764706,2.7703529411764705
frozenset({'Aliens'}),frozenset({'Raiders of the Lost Ark (Indiana Jones and the Raiders of the Lost Ark)'}),0.08866995073891626,0.6352941176470589,2.373583543846987
frozenset({'Aliens'}),frozenset({'Pulp Fiction'}),0.08538587848932677,0.611764705882353,1.5269045323047252
frozenset({'Aliens'}),frozenset({'Star Wars: Episode VI - Return of the Jedi'}),0.08374384236453201,0.6,2.436
frozenset({'Aliens'}),frozenset({'Saving Private Ryan'}),0.08374384236453201,0.6,2.5914893617021275
frozenset({'Requiem for a Dream'}),frozenset({'Pulp Fiction'}),0.07717569786535304,0.7014925373134329,1.7508563738683631
frozenset({'Requiem for a Dream'}),"frozenset({'Shawshank Redemption, The'})",0.0755336617405583,0.6865671641791045,1.525983222573265
frozenset({'Requiem for a Dream'}),"frozenset({'Matrix, The'})",0.07060755336617405,0.6417910447761194,1.7605889471561111
frozenset({'Requiem for a Dream'}),frozenset({'American Beauty'}),0.06732348111658457,0.6119402985074627,2.451787117046347
frozenset({'Requiem for a Dream'}),frozenset({'Fight Club'}),0.08210180623973727,0.7462686567164178,2.5389810722921706
"frozenset({'Prestige, The'})","frozenset({'Matrix, The'})",0.0722495894909688,0.7586206896551724,2.081081081081081
"frozenset({'Prestige, The'})","frozenset({'Shawshank Redemption, The'})",0.06896551724137931,0.7241379310344828,1.6094890510948905
"frozenset({'Prestige, The'})",frozenset({'Forrest Gump'}),0.06239737274220033,0.6551724137931035,1.602409638554217
"frozenset({'Prestige, The'})",frozenset({'Star Wars: Episode IV - A New Hope'}),0.060755336617405585,0.6379310344827587,1.9328358208955225
"frozenset({'Prestige, The'})",frozenset({'Pulp Fiction'}),0.059113300492610835,0.6206896551724138,1.5491803278688525
"frozenset({'Prestige, The'})",frozenset({'Fight Club'}),0.06896551724137931,0.7241379310344828,2.463687150837989
"frozenset({'Prestige, The'})","frozenset({'Departed, The'})",0.060755336617405585,0.6379310344827587,4.316666666666666
"frozenset({'Prestige, The'})",frozenset({'Inception'}),0.060755336617405585,0.6379310344827587,3.6308411214953273
"frozenset({'Prestige, The'})",frozenset({'Batman Begins'}),0.05747126436781609,0.603448275862069,4.966216216216216
"frozenset({'Prestige, The'})",frozenset({'Memento'}),0.05747126436781609,0.603448275862069,3.012295081967213
frozenset({'Gattaca'}),"frozenset({'Matrix, The'})",0.07389162561576355,0.7894736842105264,2.1657183499288766
frozenset({'Gattaca'}),frozenset({'Pulp Fiction'}),0.059113300492610835,0.631578947368421,1.5763589301121654
frozenset({'Gattaca'}),frozenset({'Forrest Gump'}),0.059113300492610835,0.631578947368421,1.5447051363348128
frozenset({'Gattaca'}),frozenset({'Raiders of the Lost Ark (Indiana Jones and the Raiders of the Lost Ark)'}),0.05747126436781609,0.6140350877192983,2.2941556344849854
frozenset({'Gattaca'}),frozenset({'Star Wars: Episode V - The Empire Strikes Back'}),0.05747126436781609,0.6140350877192983,2.2258771929824563
frozenset({'Gattaca'}),frozenset({'Fight Club'}),0.05747126436781609,0.6140350877192983,2.089091443693032
frozenset({'Gattaca'}),"frozenset({'Silence of the Lambs, The'})",0.05747126436781609,0.6140350877192983,1.6619883040935672
frozenset({'Interstellar'}),"frozenset({'Shawshank Redemption, The'})",0.05090311986863711,0.6888888888888888,1.5311435523114352
frozenset({'Interstellar'}),"frozenset({'Matrix, The'})",0.047619047619047616,0.6444444444444444,1.7678678678678676
frozenset({'Interstellar'}),frozenset({'Inception'}),0.05582922824302135,0.7555555555555555,4.30031152647975
frozenset({'Back to the Future Part II'}),frozenset({'Back to the Future'}),0.06568144499178982,0.9523809523809524,4.793388429752066
frozenset({'Back to the Future Part II'}),frozenset({'Star Wars: Episode IV - A New Hope'}),0.052545155993431854,0.7619047619047619,2.308457711442786
frozenset({'Back to the Future Part II'}),frozenset({'Star Wars: Episode VI - Return of the Jedi'}),0.05090311986863711,0.7380952380952381,2.9966666666666666
frozenset({'Back to the Future Part II'}),frozenset({'Star Wars: Episode V - The Empire Strikes Back'}),0.05090311986863711,0.7380952380952381,2.675595238095238
frozenset({'Back to the Future Part II'}),"frozenset({'Matrix, The'})",0.04926108374384237,0.7142857142857143,1.9594594594594594
frozenset({'Back to the Future Part II'}),frozenset({'Forrest Gump'}),0.047619047619047616,0.6904761904761905,1.6887550200803212
frozenset({'Back to the Future Part II'}),frozenset({'Raiders of the Lost Ark (Indiana Jones and the Raiders of the Lost Ark)'}),0.042692939244663386,0.6190476190476191,2.312883435582822
frozenset({'Star Wars: Episode III - Revenge of the Sith'}),"frozenset({'Matrix, The'})",0.059113300492610835,0.9230769230769229,2.532224532224532
frozenset({'Star Wars: Episode III - Revenge of the Sith'}),frozenset({'Star Wars: Episode IV - A New Hope'}),0.05747126436781609,0.8974358974358974,2.7190968235744353
frozenset({'Star Wars: Episode III - Revenge of the Sith'}),frozenset({'Star Wars: Episode V - The Empire Strikes Back'}),0.05582922824302135,0.8717948717948717,3.16025641025641
frozenset({'Star Wars: Episode III - Revenge of the Sith'}),frozenset({'Star Wars: Episode VI - Return of the Jedi'}),0.05090311986863711,0.7948717948717948,3.227179487179487
frozenset({'Star Wars: Episode III - Revenge of the Sith'}),frozenset({'Raiders of the Lost Ark (Indiana Jones and the Raiders of the Lost Ark)'}),0.047619047619047616,0.7435897435897435,2.7781972628598393
frozenset({'Star Wars: Episode III - Revenge of the Sith'}),frozenset({'Pulp Fiction'}),0.047619047619047616,0.7435897435897435,1.8559268600252203
frozenset({'Star Wars: Episode III - Revenge of the Sith'}),frozenset({'Forrest Gump'}),0.04433497536945813,0.6923076923076923,1.6932344763670064
frozenset({'Star Wars: Episode III - Revenge of the Sith'}),frozenset({'Terminator 2: Judgment Day'}),0.041050903119868636,0.641025641025641,2.602564102564102
frozenset({'Star Wars: Episode III - Revenge of the Sith'}),frozenset({'American History X'}),0.03940886699507389,0.6153846153846153,3.6035502958579873
frozenset({'Star Wars: Episode III - Revenge of the Sith'}),"frozenset({'Godfather, The'})",0.03940886699507389,0.6153846153846153,2.371957156767283
frozenset({'Star Wars: Episode III - Revenge of the Sith'}),"frozenset({'Silence of the Lambs, The'})",0.041050903119868636,0.641025641025641,1.7350427350427349
frozenset({'Star Wars: Episode III - Revenge of the Sith'}),"frozenset({'Sixth Sense, The'})",0.03940886699507389,0.6153846153846153,2.998153846153846
frozenset({'Star Wars: Episode III - Revenge of the Sith'}),"frozenset({'Lord of the Rings: The Two Towers, The'})",0.04433497536945813,0.6923076923076923,3.2184380504991195
frozenset({'Star Wars: Episode III - Revenge of the Sith'}),"frozenset({'Lord of the Rings: The Return of the King, The'})",0.04433497536945813,0.6923076923076923,3.0115384615384615
frozenset({'The Martian'}),"frozenset({'Matrix, The'})",0.042692939244663386,0.7428571428571429,2.037837837837838
frozenset({'The Martian'}),"frozenset({'Shawshank Redemption, The'})",0.042692939244663386,0.7428571428571429,1.651094890510949
frozenset({'The Martian'}),frozenset({'Forrest Gump'}),0.03776683087027915,0.6571428571428571,1.6072289156626507
frozenset({'The Martian'}),frozenset({'Inception'}),0.04433497536945813,0.7714285714285715,4.390654205607476
frozenset({'The Martian'}),frozenset({'Fight Club'}),0.03940886699507389,0.6857142857142857,2.332960893854749
frozenset({'The Martian'}),"frozenset({'Silence of the Lambs, The'})",0.03776683087027915,0.6571428571428571,1.7786666666666666
frozenset({'The Martian'}),"frozenset({'Dark Knight, The'})",0.0361247947454844,0.6285714285714286,3.4178571428571427
frozenset({'Gran Torino'}),frozenset({'Pulp Fiction'}),0.03940886699507389,0.7741935483870968,1.9323109465891062
frozenset({'Gran Torino'}),frozenset({'Forrest Gump'}),0.03940886699507389,0.7741935483870968,1.893509521958803
frozenset({'Gran Torino'}),"frozenset({'Matrix, The'})",0.03776683087027915,0.7419354838709677,2.0353095030514385
frozenset({'Gran Torino'}),"frozenset({'Shawshank Redemption, The'})",0.03776683087027915,0.7419354838709677,1.6490463856840123
frozenset({'Gran Torino'}),"frozenset({'Godfather, The'})",0.034482758620689655,0.6774193548387096,2.6110657411188236
frozenset({'Gran Torino'}),frozenset({'Inception'}),0.03940886699507389,0.7741935483870968,4.406391317455531
frozenset({'Gran Torino'}),frozenset({'Fight Club'}),0.0361247947454844,0.7096774193548386,2.4144890971346187
frozenset({'Gran Torino'}),"frozenset({'Lord of the Rings: The Return of the King, The'})",0.03284072249589491,0.6451612903225806,2.806451612903226
frozenset({'Gran Torino'}),frozenset({'Inglourious Basterds'}),0.0361247947454844,0.7096774193548386,6.355787476280834
frozenset({'Gran Torino'}),"frozenset({'Departed, The'})",0.03284072249589491,0.6451612903225806,4.365591397849462
frozenset({'Edge of Tomorrow'}),"frozenset({'Matrix, The'})",0.03940886699507389,0.7999999999999999,2.1945945945945944
frozenset({'Edge of Tomorrow'}),frozenset({'Star Wars: Episode IV - A New Hope'}),0.03776683087027915,0.7666666666666667,2.322885572139304
frozenset({'Edge of Tomorrow'}),frozenset({'Star Wars: Episode V - The Empire Strikes Back'}),0.0361247947454844,0.7333333333333333,2.658333333333333
frozenset({'Edge of Tomorrow'}),frozenset({'Star Wars: Episode VI - Return of the Jedi'}),0.034482758620689655,0.7,2.8419999999999996
frozenset({'Edge of Tomorrow'}),"frozenset({'Shawshank Redemption, The'})",0.034482758620689655,0.7,1.555839416058394
frozenset({'Edge of Tomorrow'}),frozenset({'Back to the Future'}),0.03284072249589491,0.6666666666666666,3.3553719008264458
frozenset({'Edge of Tomorrow'}),frozenset({'Raiders of the Lost Ark (Indiana Jones and the Raiders of the Lost Ark)'}),0.03284072249589491,0.6666666666666666,2.4907975460122698
frozenset({'Edge of Tomorrow'}),frozenset({'Guardians of the Galaxy'}),0.029556650246305417,0.6,8.91219512195122
frozenset({'Edge of Tomorrow'}),frozenset({'Inception'}),0.031198686371100164,0.6333333333333333,3.604672897196261
frozenset({'Edge of Tomorrow'}),"frozenset({'Dark Knight, The'})",0.031198686371100164,0.6333333333333333,3.44375
frozenset({'Edge of Tomorrow'}),"frozenset({'Lord of the Rings: The Return of the King, The'})",0.029556650246305417,0.6,2.61
frozenset({'Memento'}),frozenset({'Fight Club'}),0.13957307060755336,0.6967213114754098,2.370409378148182
frozenset({'Memento'}),"frozenset({'Matrix, The'})",0.1330049261083744,0.6639344262295082,1.8213336287106778
frozenset({'Memento'}),frozenset({'Pulp Fiction'}),0.13136288998357964,0.6557377049180328,1.6366568126847623
"frozenset({""One Flew Over the Cuckoo's Nest""})",frozenset({'Pulp Fiction'}),0.12151067323481117,0.6851851851851852,1.7101548269581057
"frozenset({""One Flew Over the Cuckoo's Nest""})","frozenset({'Godfather, The'})",0.11822660098522167,0.6666666666666666,2.5696202531645564
"frozenset({""Amelie (Fabuleux destin d'Amélie Poulain, Le)""})",frozenset({'Fight Club'}),0.11001642036124795,0.7052631578947368,2.399470743898853
"frozenset({""Amelie (Fabuleux destin d'Amélie Poulain, Le)""})",frozenset({'Pulp Fiction'}),0.10180623973727422,0.6526315789473685,1.6289042277825712
"frozenset({""Amelie (Fabuleux destin d'Amélie Poulain, Le)""})","frozenset({'Matrix, The'})",0.09852216748768473,0.631578947368421,1.732574679943101
frozenset({'Léon: The Professional (a.k.a. The Professional) (Léon)'}),"frozenset({'Shawshank Redemption, The'})",0.10673234811165845,0.7142857142857142,1.587591240875912
frozenset({'Léon: The Professional (a.k.a. The Professional) (Léon)'}),frozenset({'Pulp Fiction'}),0.11330049261083744,0.7582417582417582,1.89249684741488
frozenset({'Léon: The Professional (a.k.a. The Professional) (Léon)'}),"frozenset({'Matrix, The'})",0.10509031198686371,0.7032967032967032,1.9293139293139292
frozenset({'Léon: The Professional (a.k.a. The Professional) (Léon)'}),frozenset({'Fight Club'}),0.10016420361247948,0.6703296703296703,2.2806188225182638
frozenset({'Léon: The Professional (a.k.a. The Professional) (Léon)'}),"frozenset({'Silence of the Lambs, The'})",0.09523809523809523,0.6373626373626373,1.725128205128205
frozenset({'Blade Runner'}),frozenset({'Alien'}),0.09195402298850575,0.6363636363636364,3.5231404958677683
frozenset({'Blade Runner'}),"frozenset({'Matrix, The'})",0.09852216748768473,0.6818181818181819,1.8703931203931206
frozenset({'Blade Runner'}),frozenset({'Star Wars: Episode V - The Empire Strikes Back'}),0.09523809523809523,0.6590909090909091,2.3892045454545454
frozenset({'Blade Runner'}),frozenset({'Star Wars: Episode IV - A New Hope'}),0.09523809523809523,0.6590909090909091,1.9969470827679783
frozenset({'Blade Runner'}),frozenset({'Pulp Fiction'}),0.09523809523809523,0.6590909090909091,1.6450260804769001
frozenset({'Blade Runner'}),"frozenset({'Silence of the Lambs, The'})",0.08702791461412152,0.6022727272727273,1.6301515151515151
frozenset({'Taxi Driver'}),frozenset({'Fargo'}),0.08045977011494253,0.6447368421052632,2.8660199769496733
frozenset({'Taxi Driver'}),frozenset({'Pulp Fiction'}),0.09852216748768473,0.7894736842105263,1.9704486626402071
frozenset({'Taxi Driver'}),"frozenset({'Silence of the Lambs, The'})",0.090311986863711,0.7236842105263158,1.9587719298245616
frozenset({'Taxi Driver'}),"frozenset({'Godfather, The'})",0.08210180623973727,0.6578947368421052,2.5358094603597596
frozenset({'WALL·E'}),"frozenset({'Matrix, The'})",0.08045977011494253,0.6712328767123287,1.8413550536838206
"frozenset({'Graduate, The'})",frozenset({'Fargo'}),0.05747126436781609,0.6140350877192983,2.7295428351901654
"frozenset({'Graduate, The'})","frozenset({'Godfather, The'})",0.06403940886699508,0.6842105263157896,2.637241838774151
"frozenset({'Graduate, The'})",frozenset({'Pulp Fiction'}),0.060755336617405585,0.6491228070175439,1.620146678170837
"frozenset({'Graduate, The'})",frozenset({'Star Wars: Episode IV - A New Hope'}),0.05747126436781609,0.6140350877192983,1.8604346687614561
"frozenset({'Graduate, The'})","frozenset({'Silence of the Lambs, The'})",0.05747126436781609,0.6140350877192983,1.6619883040935672
"frozenset({""Pan's Labyrinth (Laberinto del fauno, El)""})","frozenset({'Matrix, The'})",0.059113300492610835,0.7058823529411765,1.9364069952305247
"frozenset({""Pan's Labyrinth (Laberinto del fauno, El)""})","frozenset({'Lord of the Rings: The Return of the King, The'})",0.05747126436781609,0.6862745098039216,2.985294117647059
"frozenset({""Pan's Labyrinth (Laberinto del fauno, El)""})","frozenset({'Lord of the Rings: The Two Towers, The'})",0.05582922824302135,0.6666666666666667,3.0992366412213745
"frozenset({""Pan's Labyrinth (Laberinto del fauno, El)""})",frozenset({'Fight Club'}),0.05582922824302135,0.6666666666666667,2.268156424581006
"frozenset({""Pan's Labyrinth (Laberinto del fauno, El)""})","frozenset({'Lord of the Rings: The Fellowship of the Ring, The'})",0.054187192118226604,0.6470588235294118,2.6990330378726832
"frozenset({""Pan's Labyrinth (Laberinto del fauno, El)""})",frozenset({'Pulp Fiction'}),0.054187192118226604,0.6470588235294118,1.6149951783992287
frozenset({'Cool Hand Luke'}),frozenset({'Fargo'}),0.05582922824302135,0.7083333333333334,3.1487226277372264
frozenset({'Cool Hand Luke'}),frozenset({'Monty Python and the Holy Grail'}),0.047619047619047616,0.6041666666666666,3.6429455445544554
frozenset({'Cool Hand Luke'}),"frozenset({'Silence of the Lambs, The'})",0.05582922824302135,0.7083333333333334,1.9172222222222224
frozenset({'Cool Hand Luke'}),"frozenset({'Godfather, The'})",0.054187192118226604,0.6875,2.6499208860759493
frozenset({'Cool Hand Luke'}),frozenset({'Pulp Fiction'}),0.052545155993431854,0.6666666666666666,1.6639344262295082
frozenset({'Cool Hand Luke'}),frozenset({'Star Wars: Episode IV - A New Hope'}),0.05090311986863711,0.6458333333333334,1.9567786069651742
frozenset({'Chinatown'}),"frozenset({""One Flew Over the Cuckoo's Nest""})",0.04926108374384237,0.6521739130434783,3.677536231884058
frozenset({'Chinatown'}),frozenset({'Fargo'}),0.04926108374384237,0.6521739130434783,2.899079657251666
frozenset({'Chinatown'}),frozenset({'Dr. Strangelove or: How I Learned to Stop Worrying and Love the Bomb'}),0.047619047619047616,0.6304347826086956,4.922240802675584
frozenset({'Chinatown'}),frozenset({'Taxi Driver'}),0.04597701149425287,0.608695652173913,4.8775743707093815
frozenset({'Chinatown'}),"frozenset({'Godfather, The'})",0.05582922824302135,0.7391304347826086,2.8489268024215737
frozenset({'Chinatown'}),"frozenset({'Godfather: Part II, The'})",0.047619047619047616,0.6304347826086956,3.588175538399024
frozenset({'Chinatown'}),"frozenset({'Silence of the Lambs, The'})",0.047619047619047616,0.6304347826086956,1.7063768115942026
frozenset({'Chinatown'}),frozenset({'Rear Window'}),0.04597701149425287,0.608695652173913,5.616600790513833
frozenset({'To Kill a Mockingbird'}),"frozenset({'Shawshank Redemption, The'})",0.04926108374384237,0.6818181818181819,1.5154280026542801
frozenset({'To Kill a Mockingbird'}),"frozenset({""Schindler's List""})",0.04433497536945813,0.6136363636363636,2.1354545454545457
frozenset({'To Kill a Mockingbird'}),"frozenset({'Godfather, The'})",0.047619047619047616,0.6590909090909091,2.5404200230149594
frozenset({'To Kill a Mockingbird'}),"frozenset({'Silence of the Lambs, The'})",0.047619047619047616,0.6590909090909091,1.783939393939394
frozenset({'To Kill a Mockingbird'}),frozenset({'Pulp Fiction'}),0.04597701149425287,0.6363636363636364,1.5883010432190758
frozenset({'Toy Story 3'}),"frozenset({'Dark Knight, The'})",0.04926108374384237,0.6818181818181819,3.707386363636364
frozenset({'Toy Story 3'}),"frozenset({'Shawshank Redemption, The'})",0.04926108374384237,0.6818181818181819,1.5154280026542801
frozenset({'Toy Story 3'}),"frozenset({'Lord of the Rings: The Return of the King, The'})",0.04926108374384237,0.6818181818181819,2.9659090909090913
frozenset({'Toy Story 3'}),frozenset({'Fight Club'}),0.047619047619047616,0.6590909090909091,2.2423819197562214
frozenset({'Toy Story 3'}),frozenset({'Toy Story'}),0.04597701149425287,0.6363636363636364,2.6363636363636362
frozenset({'Toy Story 3'}),frozenset({'Raiders of the Lost Ark (Indiana Jones and the Raiders of the Lost Ark)'}),0.04597701149425287,0.6363636363636364,2.377579475738985
frozenset({'Toy Story 3'}),frozenset({'Pulp Fiction'}),0.04433497536945813,0.6136363636363636,1.5315760059612518
frozenset({'Brazil'}),frozenset({'Blade Runner'}),0.05090311986863711,0.7209302325581396,4.98916490486258
frozenset({'Brazil'}),frozenset({'Fargo'}),0.05090311986863711,0.7209302325581396,3.2047190629774236
frozenset({'Brazil'}),frozenset({'Reservoir Dogs'}),0.04597701149425287,0.6511627906976745,3.7411145239139976
frozenset({'Brazil'}),frozenset({'Monty Python and the Holy Grail'}),0.04433497536945813,0.627906976744186,3.786092562744647
frozenset({'Brazil'}),frozenset({'Alien'}),0.04433497536945813,0.627906976744186,3.476321353065539
frozenset({'Brazil'}),frozenset({'Full Metal Jacket'}),0.042692939244663386,0.6046511627906977,4.661171622019429
frozenset({'Brazil'}),frozenset({'Apocalypse Now'}),0.042692939244663386,0.6046511627906977,4.602906976744187
frozenset({'Brazil'}),frozenset({'Memento'}),0.042692939244663386,0.6046511627906977,3.018299656881434
frozenset({'Brazil'}),"frozenset({'Usual Suspects, The'})",0.042692939244663386,0.6046511627906977,2.2590954487088033
frozenset({'Brazil'}),frozenset({'2001: A Space Odyssey'}),0.04433497536945813,0.627906976744186,5.031517747858017
frozenset({'Brazil'}),"frozenset({'Clockwork Orange, A'})",0.04433497536945813,0.627906976744186,4.446457544618713
frozenset({'Brazil'}),frozenset({'Pulp Fiction'}),0.054187192118226604,0.7674418604651163,1.9154593976362944
frozenset({'Brazil'}),"frozenset({'Godfather, The'})",0.04433497536945813,0.627906976744186,2.42022372681778
frozenset({'Brazil'}),"frozenset({'Matrix, The'})",0.04597701149425287,0.6511627906976745,1.7862979258328098
frozenset({'Brazil'}),frozenset({'Fight Club'}),0.04433497536945813,0.627906976744186,2.1362868650123428
frozenset({'Brazil'}),frozenset({'Twelve Monkeys (a.k.a. 12 Monkeys)'}),0.042692939244663386,0.6046511627906977,3.1206148994875837
frozenset({'Brazil'}),frozenset({'Star Wars: Episode IV - A New Hope'}),0.042692939244663386,0.6046511627906977,1.8320027768136067
frozenset({'Brazil'}),"frozenset({'Silence of the Lambs, The'})",0.042692939244663386,0.6046511627906977,1.636589147286822
frozenset({'Wallace & Gromit: The Wrong Trousers'}),frozenset({'Monty Python and the Holy Grail'}),0.04597701149425287,0.6829268292682926,4.117845930934557
frozenset({'Wallace & Gromit: The Wrong Trousers'}),frozenset({'Star Wars: Episode IV - A New Hope'}),0.041050903119868636,0.6097560975609756,1.8474699672369859
frozenset({'Annie Hall'}),frozenset({'Fargo'}),0.041050903119868636,0.6578947368421052,2.924510180560891
frozenset({'Annie Hall'}),frozenset({'Monty Python and the Holy Grail'}),0.03940886699507389,0.631578947368421,3.80823345492444
frozenset({'Annie Hall'}),"frozenset({""One Flew Over the Cuckoo's Nest""})",0.03940886699507389,0.631578947368421,3.5614035087719293
frozenset({'Annie Hall'}),"frozenset({'Godfather, The'})",0.047619047619047616,0.763157894736842,2.9415389740173215
frozenset({'Annie Hall'}),frozenset({'Pulp Fiction'}),0.042692939244663386,0.6842105263157895,1.7077221742881794
frozenset({'Annie Hall'}),frozenset({'American Beauty'}),0.041050903119868636,0.6578947368421052,2.635907202216066
frozenset({'Annie Hall'}),frozenset({'Star Wars: Episode IV - A New Hope'}),0.04597701149425287,0.7368421052631579,2.232521602513747
frozenset({'Annie Hall'}),"frozenset({'Silence of the Lambs, The'})",0.03940886699507389,0.631578947368421,1.7094736842105263
"frozenset({'Maltese Falcon, The'})",frozenset({'Chinatown'}),0.034482758620689655,0.6,7.943478260869564
"frozenset({'Maltese Falcon, The'})",frozenset({'Alien'}),0.034482758620689655,0.6,3.321818181818182
"frozenset({'Maltese Falcon, The'})",frozenset({'Raiders of the Lost Ark (Indiana Jones and the Raiders of the Lost Ark)'}),0.042692939244663386,0.7428571428571429,2.7754601226993865
"frozenset({'Maltese Falcon, The'})",frozenset({'Star Wars: Episode IV - A New Hope'}),0.03940886699507389,0.6857142857142857,2.0776119402985076
"frozenset({'Maltese Falcon, The'})",frozenset({'Star Wars: Episode V - The Empire Strikes Back'}),0.0361247947454844,0.6285714285714286,2.2785714285714285
"frozenset({'Maltese Falcon, The'})",frozenset({'L.A. Confidential'}),0.034482758620689655,0.6,5.075
frozenset({'Wallace & Gromit: A Close Shave'}),frozenset({'Wallace & Gromit: The Wrong Trousers'}),0.04433497536945813,0.7941176470588235,11.795552367288378
frozenset({'Wallace & Gromit: The Wrong Trousers'}),frozenset({'Wallace & Gromit: A Close Shave'}),0.04433497536945813,0.6585365853658537,11.795552367288378
frozenset({'Wallace & Gromit: A Close Shave'}),frozenset({'Monty Python and the Holy Grail'}),0.03776683087027915,0.6764705882352942,4.078916715200933
frozenset({'Wallace & Gromit: A Close Shave'}),frozenset({'Star Wars: Episode IV - A New Hope'}),0.0361247947454844,0.6470588235294117,1.9604916593503072
frozenset({'Wallace & Gromit: A Close Shave'}),frozenset({'Star Wars: Episode VI - Return of the Jedi'}),0.034482758620689655,0.6176470588235294,2.5076470588235296
frozenset({'Wallace & Gromit: A Close Shave'}),frozenset({'Star Wars: Episode V - The Empire Strikes Back'}),0.034482758620689655,0.6176470588235294,2.2389705882352944
frozenset({'Princess Mononoke (Mononoke-hime)'}),frozenset({'Spirited Away (Sen to Chihiro no kamikakushi)'}),0.04433497536945813,0.8181818181818181,7.221343873517786
frozenset({'Princess Mononoke (Mononoke-hime)'}),frozenset({'Memento'}),0.03940886699507389,0.7272727272727273,3.630402384500745
frozenset({'Princess Mononoke (Mononoke-hime)'}),frozenset({'Monty Python and the Holy Grail'}),0.03776683087027915,0.696969696969697,4.202520252025203
frozenset({'Princess Mononoke (Mononoke-hime)'}),"frozenset({""Amelie (Fabuleux destin d'Amélie Poulain, Le)""})",0.0361247947454844,0.6666666666666666,4.273684210526316
frozenset({'Princess Mononoke (Mononoke-hime)'}),frozenset({'Fight Club'}),0.03776683087027915,0.696969696969697,2.3712544438801424
frozenset({'Princess Mononoke (Mononoke-hime)'}),"frozenset({'Matrix, The'})",0.04433497536945813,0.8181818181818181,2.244471744471744
frozenset({'Princess Mononoke (Mononoke-hime)'}),frozenset({'Star Wars: Episode VI - Return of the Jedi'}),0.0361247947454844,0.6666666666666666,2.7066666666666666
frozenset({'Princess Mononoke (Mononoke-hime)'}),frozenset({'Raiders of the Lost Ark (Indiana Jones and the Raiders of the Lost Ark)'}),0.034482758620689655,0.6363636363636364,2.377579475738985
frozenset({'Princess Mononoke (Mononoke-hime)'}),frozenset({'Star Wars: Episode IV - A New Hope'}),0.034482758620689655,0.6363636363636364,1.9280868385345997
frozenset({'Princess Mononoke (Mononoke-hime)'}),frozenset({'Pulp Fiction'}),0.034482758620689655,0.6363636363636364,1.5883010432190758
frozenset({'Princess Mononoke (Mononoke-hime)'}),frozenset({'American Beauty'}),0.03284072249589491,0.6060606060606061,2.4282296650717705
frozenset({'Princess Mononoke (Mononoke-hime)'}),frozenset({'Star Wars: Episode V - The Empire Strikes Back'}),0.03284072249589491,0.6060606060606061,2.1969696969696972
frozenset({'Princess Mononoke (Mononoke-hime)'}),"frozenset({'Silence of the Lambs, The'})",0.03284072249589491,0.6060606060606061,1.6404040404040405
frozenset({'Princess Mononoke (Mononoke-hime)'}),frozenset({'Eternal Sunshine of the Spotless Mind'}),0.03284072249589491,0.6060606060606061,3.515151515151515
frozenset({'Princess Mononoke (Mononoke-hime)'}),"frozenset({'Lord of the Rings: The Fellowship of the Ring, The'})",0.03284072249589491,0.6060606060606061,2.528019925280199
"frozenset({'Godfather: Part II, The'})","frozenset({'Godfather, The'})",0.16748768472906403,0.9532710280373831,3.6743168105997865
"frozenset({'Godfather, The'})","frozenset({'Godfather: Part II, The'})",0.16748768472906403,0.6455696202531644,3.674316810599786
"frozenset({'Godfather: Part II, The'})",frozenset({'Pulp Fiction'}),0.12643678160919541,0.7196261682242991,1.796116132986058
"frozenset({'Godfather: Part II, The'})",frozenset({'Star Wars: Episode IV - A New Hope'}),0.11658456486042693,0.6635514018691588,2.010461710140884
"frozenset({'Godfather: Part II, The'})","frozenset({'Matrix, The'})",0.10673234811165845,0.6074766355140186,1.66645617580197
"frozenset({'Godfather: Part II, The'})","frozenset({'Silence of the Lambs, The'})",0.10673234811165845,0.6074766355140186,1.6442367601246104
frozenset({'Die Hard'}),"frozenset({'Matrix, The'})",0.12315270935960591,0.7575757575757576,2.078214578214578
frozenset({'Die Hard'}),frozenset({'Star Wars: Episode V - The Empire Strikes Back'}),0.10673234811165845,0.6565656565656566,2.380050505050505
frozenset({'Die Hard'}),frozenset({'Pulp Fiction'}),0.10344827586206896,0.6363636363636364,1.5883010432190758
frozenset({'Die Hard'}),frozenset({'Raiders of the Lost Ark (Indiana Jones and the Raiders of the Lost Ark)'}),0.10180623973727422,0.6262626262626263,2.3398401189812232
frozenset({'Die Hard'}),frozenset({'Star Wars: Episode IV - A New Hope'}),0.10180623973727422,0.6262626262626263,1.8974822855419873
frozenset({'Die Hard'}),frozenset({'Star Wars: Episode VI - Return of the Jedi'}),0.09852216748768473,0.6060606060606061,2.4606060606060605
"frozenset({'Shining, The'})",frozenset({'Pulp Fiction'}),0.09688013136288999,0.7283950617283951,1.8180024286581664
"frozenset({'Shining, The'})","frozenset({'Silence of the Lambs, The'})",0.09523809523809523,0.7160493827160493,1.9381069958847736
"frozenset({'Shining, The'})",frozenset({'Fight Club'}),0.08374384236453201,0.6296296296296295,2.142147734326505
"frozenset({'Shining, The'})","frozenset({'Matrix, The'})",0.08210180623973727,0.6172839506172839,1.69336002669336
"frozenset({'Shining, The'})","frozenset({'Godfather, The'})",0.08045977011494253,0.6049382716049383,2.3316924519456164
"frozenset({'Shining, The'})","frozenset({'Usual Suspects, The'})",0.08045977011494253,0.6049382716049383,2.2601681436037264
frozenset({'City of God (Cidade de Deus)'}),frozenset({'Pulp Fiction'}),0.07717569786535304,0.810344827586207,2.0225409836065573
frozenset({'City of God (Cidade de Deus)'}),frozenset({'Fight Club'}),0.07060755336617405,0.7413793103448276,2.522346368715084
frozenset({'City of God (Cidade de Deus)'}),"frozenset({'Godfather, The'})",0.060755336617405585,0.6379310344827587,2.458860759493671
frozenset({'City of God (Cidade de Deus)'}),"frozenset({'Silence of the Lambs, The'})",0.05747126436781609,0.603448275862069,1.6333333333333333
"frozenset({'Good, the Bad and the Ugly, The (Buono, il brutto, il cattivo, Il)'})",frozenset({'Pulp Fiction'}),0.07060755336617405,0.7543859649122807,1.8828731665228646
"frozenset({'Good, the Bad and the Ugly, The (Buono, il brutto, il cattivo, Il)'})",frozenset({'Star Wars: Episode IV - A New Hope'}),0.06896551724137931,0.736842105263158,2.2325216025137475
"frozenset({'Good, the Bad and the Ugly, The (Buono, il brutto, il cattivo, Il)'})","frozenset({'Godfather, The'})",0.06732348111658457,0.7192982456140351,2.772485009993338
"frozenset({'Good, the Bad and the Ugly, The (Buono, il brutto, il cattivo, Il)'})",frozenset({'Star Wars: Episode V - The Empire Strikes Back'}),0.06568144499178982,0.7017543859649124,2.5438596491228074
"frozenset({'Good, the Bad and the Ugly, The (Buono, il brutto, il cattivo, Il)'})","frozenset({'Matrix, The'})",0.06239737274220033,0.6666666666666667,1.828828828828829
"frozenset({'Good, the Bad and the Ugly, The (Buono, il brutto, il cattivo, Il)'})","frozenset({'Silence of the Lambs, The'})",0.06239737274220033,0.6666666666666667,1.8044444444444447
"frozenset({'Good, the Bad and the Ugly, The (Buono, il brutto, il cattivo, Il)'})","frozenset({'Usual Suspects, The'})",0.060755336617405585,0.6491228070175439,2.4252502421698416
"frozenset({'Good, the Bad and the Ugly, The (Buono, il brutto, il cattivo, Il)'})",frozenset({'Raiders of the Lost Ark (Indiana Jones and the Raiders of the Lost Ark)'}),0.059113300492610835,0.631578947368421,2.3597029383274135
"frozenset({'Good, the Bad and the Ugly, The (Buono, il brutto, il cattivo, Il)'})",frozenset({'Reservoir Dogs'}),0.05747126436781609,0.6140350877192983,3.5278053624627606
"frozenset({'Sting, The'})",frozenset({'Star Wars: Episode IV - A New Hope'}),0.05747126436781609,0.7142857142857143,2.164179104477612
"frozenset({'Sting, The'})","frozenset({'Godfather, The'})",0.05582922824302135,0.6938775510204082,2.6745027124773957
"frozenset({'Sting, The'})",frozenset({'Raiders of the Lost Ark (Indiana Jones and the Raiders of the Lost Ark)'}),0.05582922824302135,0.6938775510204082,2.5924627519719543
"frozenset({'Sting, The'})",frozenset({'Pulp Fiction'}),0.05090311986863711,0.6326530612244898,1.57903981264637
"frozenset({'Sting, The'})",frozenset({'Star Wars: Episode V - The Empire Strikes Back'}),0.04926108374384237,0.6122448979591837,2.219387755102041
"frozenset({'Untouchables, The'})","frozenset({'Matrix, The'})",0.059113300492610835,0.7826086956521738,2.1468860164512336
"frozenset({'Untouchables, The'})",frozenset({'Star Wars: Episode V - The Empire Strikes Back'}),0.052545155993431854,0.6956521739130435,2.5217391304347827
"frozenset({'Untouchables, The'})",frozenset({'Star Wars: Episode IV - A New Hope'}),0.052545155993431854,0.6956521739130435,2.1077222582738484
"frozenset({'Untouchables, The'})",frozenset({'Pulp Fiction'}),0.052545155993431854,0.6956521739130435,1.736279401282965
"frozenset({'Untouchables, The'})",frozenset({'Forrest Gump'}),0.052545155993431854,0.6956521739130435,1.7014143530644317
"frozenset({'Untouchables, The'})",frozenset({'Saving Private Ryan'}),0.04926108374384237,0.6521739130434783,2.816836262719704
"frozenset({'Untouchables, The'})","frozenset({'Godfather, The'})",0.04926108374384237,0.6521739130434783,2.5137589433131535
"frozenset({'Untouchables, The'})",frozenset({'Braveheart'}),0.04597701149425287,0.608695652173913,2.233106338397066
"frozenset({'Untouchables, The'})","frozenset({'Silence of the Lambs, The'})",0.04597701149425287,0.608695652173913,1.6475362318840578
frozenset({'Star Trek'}),"frozenset({'Matrix, The'})",0.05090311986863711,0.7560975609756098,2.0741595253790375
frozenset({'Star Trek'}),"frozenset({'Dark Knight, The'})",0.04926108374384237,0.7317073170731707,3.9786585365853657
frozenset({'Star Trek'}),"frozenset({'Lord of the Rings: The Return of the King, The'})",0.04597701149425287,0.6829268292682926,2.970731707317073
frozenset({'Star Trek'}),frozenset({'Raiders of the Lost Ark (Indiana Jones and the Raiders of the Lost Ark)'}),0.04597701149425287,0.6829268292682926,2.5515487056711055
frozenset({'Star Trek'}),frozenset({'Star Wars: Episode V - The Empire Strikes Back'}),0.04597701149425287,0.6829268292682926,2.475609756097561
frozenset({'Star Trek'}),frozenset({'Star Wars: Episode IV - A New Hope'}),0.04597701149425287,0.6829268292682926,2.069166363305424
frozenset({'Star Trek'}),frozenset({'Inception'}),0.042692939244663386,0.6341463414634146,3.6093002051515843
frozenset({'Star Trek'}),"frozenset({'Lord of the Rings: The Two Towers, The'})",0.042692939244663386,0.6341463414634146,2.9480543660398437
frozenset({'Star Trek'}),frozenset({'Star Wars: Episode VI - Return of the Jedi'}),0.041050903119868636,0.6097560975609756,2.475609756097561
"frozenset({'Social Network, The'})",frozenset({'Inception'}),0.047619047619047616,0.763157894736842,4.3435809149040825
"frozenset({'Social Network, The'})",frozenset({'Fight Club'}),0.047619047619047616,0.763157894736842,2.5964422228756248
"frozenset({'Social Network, The'})",frozenset({'Pulp Fiction'}),0.047619047619047616,0.763157894736842,1.9047670405522
"frozenset({'Social Network, The'})","frozenset({'Matrix, The'})",0.04433497536945813,0.7105263157894737,1.9491465149359886
"frozenset({'Social Network, The'})","frozenset({'Shawshank Redemption, The'})",0.04433497536945813,0.7105263157894737,1.5792354975028813
"frozenset({'Social Network, The'})","frozenset({'Dark Knight, The'})",0.041050903119868636,0.6578947368421052,3.577302631578947
"frozenset({'Social Network, The'})","frozenset({'Departed, The'})",0.03940886699507389,0.631578947368421,4.273684210526315
"frozenset({'Social Network, The'})","frozenset({'Usual Suspects, The'})",0.03776683087027915,0.6052631578947368,2.2613819825637713
frozenset({'Eternal Sunshine of the Spotless Mind'}),frozenset({'Fight Club'}),0.12315270935960591,0.7142857142857143,2.4301675977653634
frozenset({'Eternal Sunshine of the Spotless Mind'}),"frozenset({'Matrix, The'})",0.11494252873563218,0.6666666666666666,1.8288288288288288
frozenset({'Eternal Sunshine of the Spotless Mind'}),frozenset({'Pulp Fiction'}),0.11330049261083744,0.6571428571428571,1.6401639344262295
frozenset({'Finding Nemo'}),frozenset({'Forrest Gump'}),0.10673234811165845,0.6842105263157894,1.6734305643627139
frozenset({'Finding Nemo'}),frozenset({'Shrek'}),0.09688013136288999,0.6210526315789474,3.317728531855956
frozenset({'Finding Nemo'}),"frozenset({'Matrix, The'})",0.09688013136288999,0.6210526315789474,1.7036984352773827
frozenset({'Finding Nemo'}),frozenset({'Fight Club'}),0.09359605911330049,0.6,2.041340782122905
"frozenset({'Bourne Identity, The'})","frozenset({'Matrix, The'})",0.09359605911330049,0.75,2.0574324324324325
"frozenset({'Bourne Identity, The'})","frozenset({'Lord of the Rings: The Return of the King, The'})",0.07881773399014778,0.631578947368421,2.7473684210526317
"frozenset({'Bourne Identity, The'})",frozenset({'Star Wars: Episode IV - A New Hope'}),0.07717569786535304,0.618421052631579,1.8737234878240379
"frozenset({'Bourne Identity, The'})",frozenset({'Pulp Fiction'}),0.07717569786535304,0.618421052631579,1.5435181190681622
"frozenset({'Bourne Identity, The'})",frozenset({'Gladiator'}),0.0755336617405583,0.6052631578947368,3.123773416592328
"frozenset({'Bourne Identity, The'})",frozenset({'Star Wars: Episode V - The Empire Strikes Back'}),0.0755336617405583,0.6052631578947368,2.1940789473684212
"frozenset({'Bourne Identity, The'})","frozenset({'Lord of the Rings: The Two Towers, The'})",0.07881773399014778,0.631578947368421,2.9361189232623546
frozenset({'Trainspotting'}),frozenset({'Pulp Fiction'}),0.10180623973727422,0.8611111111111112,2.1492486338797816
frozenset({'Trainspotting'}),frozenset({'Fight Club'}),0.09195402298850575,0.7777777777777778,2.646182495344507
frozenset({'Trainspotting'}),"frozenset({'Usual Suspects, The'})",0.08210180623973727,0.6944444444444444,2.5945807770961142
frozenset({'Trainspotting'}),"frozenset({'Silence of the Lambs, The'})",0.08210180623973727,0.6944444444444444,1.8796296296296295
frozenset({'Trainspotting'}),"frozenset({'Matrix, The'})",0.07881773399014778,0.6666666666666667,1.828828828828829
frozenset({'Trainspotting'}),frozenset({'Reservoir Dogs'}),0.0722495894909688,0.611111111111111,3.5110062893081757
frozenset({'Life Is Beautiful (La Vita è bella)'}),"frozenset({'Silence of the Lambs, The'})",0.0722495894909688,0.6567164179104477,1.777512437810945
frozenset({'Life Is Beautiful (La Vita è bella)'}),frozenset({'Fight Club'}),0.07060755336617405,0.6417910447761194,2.1835237221712664
frozenset({'Life Is Beautiful (La Vita è bella)'}),"frozenset({'Matrix, The'})",0.06896551724137931,0.626865671641791,1.7196450181524807
frozenset({'Life Is Beautiful (La Vita è bella)'}),frozenset({'Pulp Fiction'}),0.06732348111658457,0.6119402985074627,1.5273427942255933
frozenset({'V for Vendetta'}),"frozenset({'Lord of the Rings: The Return of the King, The'})",0.07881773399014778,0.7164179104477612,3.116417910447761
frozenset({'V for Vendetta'}),"frozenset({'Matrix, The'})",0.07881773399014778,0.7164179104477612,1.9653085921742637
frozenset({'V for Vendetta'}),"frozenset({'Shawshank Redemption, The'})",0.07881773399014778,0.7164179104477612,1.5923303192068852
frozenset({'V for Vendetta'}),frozenset({'Fight Club'}),0.07717569786535304,0.7014925373134329,2.3866422079546403
frozenset({'V for Vendetta'}),"frozenset({'Lord of the Rings: The Fellowship of the Ring, The'})",0.07060755336617405,0.6417910447761194,2.677059905949703
frozenset({'V for Vendetta'}),"frozenset({'Lord of the Rings: The Two Towers, The'})",0.07060755336617405,0.6417910447761194,2.983593482966845
frozenset({'Star Trek: First Contact'}),frozenset({'Star Wars: Episode IV - A New Hope'}),0.07060755336617405,0.7049180327868853,2.135796427697578
frozenset({'Star Trek: First Contact'}),frozenset({'Star Wars: Episode VI - Return of the Jedi'}),0.060755336617405585,0.6065573770491803,2.462622950819672
frozenset({'Star Trek: First Contact'}),frozenset({'Star Wars: Episode V - The Empire Strikes Back'}),0.060755336617405585,0.6065573770491803,2.1987704918032787
frozenset({'Rain Man'}),frozenset({'Pulp Fiction'}),0.0755336617405583,0.7666666666666667,1.9135245901639346
frozenset({'Rain Man'}),frozenset({'Forrest Gump'}),0.07389162561576355,0.75,1.8343373493975903
frozenset({'Rain Man'}),"frozenset({'Silence of the Lambs, The'})",0.07060755336617405,0.7166666666666666,1.9397777777777776
frozenset({'Rain Man'}),"frozenset({'Shawshank Redemption, The'})",0.06896551724137931,0.7,1.555839416058394
frozenset({'Rain Man'}),"frozenset({'Matrix, The'})",0.060755336617405585,0.6166666666666667,1.6916666666666667
frozenset({'Rain Man'}),"frozenset({'Godfather, The'})",0.059113300492610835,0.6,2.312658227848101
frozenset({'Rain Man'}),frozenset({'Star Wars: Episode V - The Empire Strikes Back'}),0.059113300492610835,0.6,2.175
frozenset({'Rain Man'}),frozenset({'Fight Club'}),0.059113300492610835,0.6,2.041340782122905
frozenset({'Rain Man'}),frozenset({'Star Wars: Episode IV - A New Hope'}),0.059113300492610835,0.6,1.817910447761194
frozenset({'Spider-Man'}),"frozenset({'Matrix, The'})",0.07389162561576355,0.7627118644067796,2.092304168575355
frozenset({'Spider-Man'}),frozenset({'Star Wars: Episode V - The Empire Strikes Back'}),0.06896551724137931,0.711864406779661,2.580508474576271
frozenset({'Spider-Man'}),frozenset({'Star Wars: Episode IV - A New Hope'}),0.06732348111658457,0.6949152542372881,2.1054895016443207
frozenset({'Spider-Man'}),"frozenset({'Lord of the Rings: The Fellowship of the Ring, The'})",0.06239737274220033,0.6440677966101694,2.686556768052008
frozenset({'Spider-Man'}),frozenset({'Star Wars: Episode VI - Return of the Jedi'}),0.060755336617405585,0.6271186440677966,2.546101694915254
frozenset({'Spider-Man'}),frozenset({'Shrek'}),0.059113300492610835,0.6101694915254237,3.2595896520963423
frozenset({'Spider-Man'}),"frozenset({'Lord of the Rings: The Return of the King, The'})",0.059113300492610835,0.6101694915254237,2.654237288135593
frozenset({'Dead Poets Society'}),frozenset({'Forrest Gump'}),0.0722495894909688,0.7457627118644067,1.8239738615478862
frozenset({'Dead Poets Society'}),"frozenset({'Shawshank Redemption, The'})",0.0722495894909688,0.7457627118644067,1.6575528887789184
frozenset({'Dead Poets Society'}),frozenset({'Pulp Fiction'}),0.06239737274220033,0.6440677966101694,1.6075298694081688
frozenset({'Dead Poets Society'}),frozenset({'Good Will Hunting'}),0.059113300492610835,0.6101694915254237,3.607701168339641
frozenset({'Dead Poets Society'}),frozenset({'Fight Club'}),0.059113300492610835,0.6101694915254237,2.075939778430073
frozenset({'Iron Man'}),"frozenset({'Matrix, The'})",0.07389162561576355,0.8181818181818182,2.2444717444717446
frozenset({'Iron Man'}),"frozenset({'Dark Knight, The'})",0.06568144499178982,0.7272727272727273,3.9545454545454546
frozenset({'Iron Man'}),frozenset({'Star Wars: Episode IV - A New Hope'}),0.060755336617405585,0.6727272727272727,2.0382632293080056
frozenset({'Iron Man'}),"frozenset({'Lord of the Rings: The Return of the King, The'})",0.05747126436781609,0.6363636363636364,2.768181818181818
frozenset({'Iron Man'}),frozenset({'Star Wars: Episode V - The Empire Strikes Back'}),0.05747126436781609,0.6363636363636364,2.3068181818181817
frozenset({'Iron Man'}),frozenset({'Inception'}),0.054187192118226604,0.6,3.414953271028037
frozenset({'Avatar'}),"frozenset({'Matrix, The'})",0.06403940886699508,0.7358490566037736,2.018612952575217
frozenset({'Avatar'}),"frozenset({'Lord of the Rings: The Return of the King, The'})",0.052545155993431854,0.6037735849056604,2.6264150943396225
frozenset({'Django Unchained'}),frozenset({'Inception'}),0.05582922824302135,0.7083333333333334,4.031542056074766
frozenset({'Django Unchained'}),"frozenset({'Matrix, The'})",0.05582922824302135,0.7083333333333334,1.9431306306306306
frozenset({'Django Unchained'}),"frozenset({'Shawshank Redemption, The'})",0.05582922824302135,0.7083333333333334,1.5743613138686132
frozenset({'Django Unchained'}),frozenset({'Fight Club'}),0.054187192118226604,0.6875,2.3390363128491622
frozenset({'Django Unchained'}),frozenset({'Pulp Fiction'}),0.052545155993431854,0.6666666666666666,1.6639344262295082
frozenset({'Django Unchained'}),frozenset({'Inglourious Basterds'}),0.05747126436781609,0.7291666666666666,6.530330882352941
"frozenset({'Bourne Ultimatum, The'})","frozenset({'Bourne Identity, The'})",0.059113300492610835,0.7659574468085105,6.137737961926091
"frozenset({'Bourne Ultimatum, The'})","frozenset({'Matrix, The'})",0.05582922824302135,0.7234042553191489,1.9844738355376652
"frozenset({'Bourne Ultimatum, The'})",frozenset({'Fight Club'}),0.05090311986863711,0.6595744680851063,2.2440271009152504
"frozenset({'Bourne Ultimatum, The'})","frozenset({'Dark Knight, The'})",0.04926108374384237,0.6382978723404256,3.4707446808510642
"frozenset({'Bourne Ultimatum, The'})",frozenset({'Gladiator'}),0.04926108374384237,0.6382978723404256,3.2942661377569418
"frozenset({'Bourne Ultimatum, The'})","frozenset({'Lord of the Rings: The Return of the King, The'})",0.04926108374384237,0.6382978723404256,2.776595744680851
"frozenset({'Bourne Ultimatum, The'})",frozenset({'Pulp Fiction'}),0.04926108374384237,0.6382978723404256,1.5931287059644228
"frozenset({'Bourne Ultimatum, The'})","frozenset({'Lord of the Rings: The Fellowship of the Ring, The'})",0.047619047619047616,0.6170212765957446,2.573739434567181
"frozenset({'Avengers, The'})","frozenset({'Matrix, The'})",0.05582922824302135,0.7391304347826086,2.027614571092832
"frozenset({'Avengers, The'})",frozenset({'Inception'}),0.04926108374384237,0.6521739130434783,3.7119057293783015
"frozenset({'Avengers, The'})","frozenset({'Dark Knight, The'})",0.04926108374384237,0.6521739130434783,3.546195652173913
"frozenset({'Avengers, The'})",frozenset({'Iron Man'}),0.047619047619047616,0.6304347826086956,6.980632411067193
frozenset({'Big Fish'}),"frozenset({'Shawshank Redemption, The'})",0.052545155993431854,0.711111111111111,1.5805352798053527
frozenset({'Big Fish'}),"frozenset({'Matrix, The'})",0.05090311986863711,0.6888888888888888,1.8897897897897895
frozenset({'Big Fish'}),frozenset({'Shrek'}),0.04926108374384237,0.6666666666666666,3.56140350877193
frozenset({'Big Fish'}),frozenset({'Fight Club'}),0.04926108374384237,0.6666666666666666,2.2681564245810057
frozenset({'Big Fish'}),frozenset({'Forrest Gump'}),0.04926108374384237,0.6666666666666666,1.6305220883534135
frozenset({'Big Fish'}),frozenset({'Pulp Fiction'}),0.047619047619047616,0.6444444444444444,1.608469945355191
frozenset({'Big Fish'}),"frozenset({'Lord of the Rings: The Return of the King, The'})",0.04597701149425287,0.6222222222222221,2.706666666666666
frozenset({'Big Fish'}),frozenset({'Eternal Sunshine of the Spotless Mind'}),0.04433497536945813,0.6,3.4799999999999995
frozenset({'Big Fish'}),"frozenset({'Lord of the Rings: The Fellowship of the Ring, The'})",0.04433497536945813,0.6,2.502739726027397
frozenset({'Scarface'}),"frozenset({'Matrix, The'})",0.05747126436781609,0.8333333333333334,2.286036036036036
frozenset({'Scarface'}),"frozenset({'Godfather, The'})",0.05582922824302135,0.8095238095238095,3.120253164556962
frozenset({'Scarface'}),frozenset({'Pulp Fiction'}),0.05582922824302135,0.8095238095238095,2.0204918032786887
frozenset({'Scarface'}),frozenset({'Fight Club'}),0.054187192118226604,0.7857142857142858,2.6731843575419
frozenset({'Scarface'}),"frozenset({'Silence of the Lambs, The'})",0.052545155993431854,0.7619047619047619,2.062222222222222
frozenset({'Scarface'}),"frozenset({'Shawshank Redemption, The'})",0.052545155993431854,0.7619047619047619,1.6934306569343065
frozenset({'Scarface'}),frozenset({'Reservoir Dogs'}),0.05090311986863711,0.7380952380952381,4.240566037735849
frozenset({'Scarface'}),"frozenset({'Usual Suspects, The'})",0.05090311986863711,0.7380952380952381,2.757668711656442
frozenset({'Scarface'}),frozenset({'Saving Private Ryan'}),0.04926108374384237,0.7142857142857143,3.0851063829787235
frozenset({'Scarface'}),frozenset({'Star Wars: Episode IV - A New Hope'}),0.04926108374384237,0.7142857142857143,2.164179104477612
frozenset({'Scarface'}),frozenset({'Forrest Gump'}),0.04926108374384237,0.7142857142857143,1.7469879518072289
frozenset({'Scarface'}),frozenset({'Seven (a.k.a. Se7en)'}),0.047619047619047616,0.6904761904761905,3.0035714285714286
frozenset({'Scarface'}),frozenset({'Goodfellas'}),0.04597701149425287,0.6666666666666666,3.941747572815534
frozenset({'Scarface'}),frozenset({'Star Wars: Episode V - The Empire Strikes Back'}),0.04597701149425287,0.6666666666666666,2.4166666666666665
frozenset({'Scarface'}),"frozenset({'Departed, The'})",0.04433497536945813,0.6428571428571429,4.35
frozenset({'Scarface'}),frozenset({'Good Will Hunting'}),0.04433497536945813,0.6428571428571429,3.8009708737864085
frozenset({'Scarface'}),frozenset({'American History X'}),0.042692939244663386,0.6190476190476191,3.625
frozenset({'Scarface'}),frozenset({'Alien'}),0.042692939244663386,0.6190476190476191,3.4272727272727272
frozenset({'Scarface'}),frozenset({'Star Wars: Episode VI - Return of the Jedi'}),0.042692939244663386,0.6190476190476191,2.513333333333333
frozenset({'Scarface'}),frozenset({'American Beauty'}),0.042692939244663386,0.6190476190476191,2.4802631578947367
"frozenset({'Avengers, The'})",frozenset({'Guardians of the Galaxy'}),0.04926108374384237,0.6521739130434783,9.687168610816544
frozenset({'Guardians of the Galaxy'}),"frozenset({'Avengers, The'})",0.04926108374384237,0.7317073170731707,9.687168610816542
frozenset({'Guardians of the Galaxy'}),"frozenset({'Matrix, The'})",0.04926108374384237,0.7317073170731707,2.007251153592617
frozenset({'Guardians of the Galaxy'}),frozenset({'Star Wars: Episode IV - A New Hope'}),0.047619047619047616,0.7073170731707317,2.1430651619949037
frozenset({'Guardians of the Galaxy'}),"frozenset({'Dark Knight, The'})",0.04433497536945813,0.6585365853658537,3.5807926829268295
frozenset({'Guardians of the Galaxy'}),frozenset({'Star Wars: Episode V - The Empire Strikes Back'}),0.04433497536945813,0.6585365853658537,2.3871951219512195
frozenset({'Guardians of the Galaxy'}),frozenset({'Inception'}),0.042692939244663386,0.6341463414634146,3.6093002051515843
"frozenset({'Bourne Supremacy, The'})","frozenset({'Bourne Identity, The'})",0.054187192118226604,0.8048780487804879,6.449614890885751
"frozenset({'Bourne Supremacy, The'})","frozenset({'Matrix, The'})",0.054187192118226604,0.8048780487804879,2.207976268951879
"frozenset({'Bourne Supremacy, The'})",frozenset({'Fight Club'}),0.052545155993431854,0.7804878048780487,2.655402643411909
"frozenset({'Bourne Supremacy, The'})","frozenset({'Bourne Ultimatum, The'})",0.04597701149425287,0.6829268292682926,8.848988064348728
"frozenset({'Bourne Supremacy, The'})","frozenset({'Shawshank Redemption, The'})",0.04597701149425287,0.6829268292682926,1.5178921132277015
"frozenset({'Bourne Supremacy, The'})","frozenset({'Lord of the Rings: The Return of the King, The'})",0.04433497536945813,0.6585365853658537,2.8646341463414635
"frozenset({'Bourne Supremacy, The'})",frozenset({'Star Wars: Episode V - The Empire Strikes Back'}),0.042692939244663386,0.6341463414634146,2.298780487804878
"frozenset({'Bourne Supremacy, The'})",frozenset({'Good Will Hunting'}),0.041050903119868636,0.6097560975609756,3.6052569263556715
"frozenset({'Bourne Supremacy, The'})",frozenset({'Star Wars: Episode IV - A New Hope'}),0.041050903119868636,0.6097560975609756,1.8474699672369859
"frozenset({'Bourne Supremacy, The'})",frozenset({'Pulp Fiction'}),0.041050903119868636,0.6097560975609756,1.5218912435025989
frozenset({'Star Trek II: The Wrath of Khan'}),frozenset({'Star Wars: Episode IV - A New Hope'}),0.054187192118226604,0.8461538461538461,2.563719862227325
frozenset({'Star Trek II: The Wrath of Khan'}),frozenset({'Star Wars: Episode V - The Empire Strikes Back'}),0.04926108374384237,0.7692307692307692,2.7884615384615383
frozenset({'Star Trek II: The Wrath of Khan'}),frozenset({'Star Wars: Episode VI - Return of the Jedi'}),0.04597701149425287,0.7179487179487178,2.9148717948717944
frozenset({'Star Trek II: The Wrath of Khan'}),frozenset({'Raiders of the Lost Ark (Indiana Jones and the Raiders of the Lost Ark)'}),0.04597701149425287,0.7179487179487178,2.6823973572439828
frozenset({'Star Trek II: The Wrath of Khan'}),"frozenset({'Matrix, The'})",0.04597701149425287,0.7179487179487178,1.9695079695079691
frozenset({'Star Trek II: The Wrath of Khan'}),frozenset({'Terminator 2: Judgment Day'}),0.041050903119868636,0.641025641025641,2.602564102564102
frozenset({'Star Trek II: The Wrath of Khan'}),frozenset({'Indiana Jones and the Last Crusade'}),0.03940886699507389,0.6153846153846153,3.5692307692307685
frozenset({'Star Trek II: The Wrath of Khan'}),frozenset({'Back to the Future'}),0.03940886699507389,0.6153846153846153,3.0972663699936422
frozenset({'The Imitation Game'}),"frozenset({'Shawshank Redemption, The'})",0.04597701149425287,0.7567567567567567,1.6819885579009666
frozenset({'The Imitation Game'}),frozenset({'Inception'}),0.04433497536945813,0.7297297297297297,4.15332154584491
frozenset({'The Imitation Game'}),"frozenset({'Lord of the Rings: The Return of the King, The'})",0.03940886699507389,0.6486486486486487,2.8216216216216217
frozenset({'The Imitation Game'}),frozenset({'Fight Club'}),0.03776683087027915,0.6216216216216216,2.114902612109316
frozenset({'True Romance'}),frozenset({'Pulp Fiction'}),0.04597701149425287,0.7777777777777778,1.9412568306010929
frozenset({'True Romance'}),"frozenset({'Silence of the Lambs, The'})",0.03776683087027915,0.638888888888889,1.7292592592592595
"frozenset({'Boondock Saints, The'})","frozenset({'Departed, The'})",0.04597701149425287,0.8,5.413333333333333
"frozenset({'Boondock Saints, The'})",frozenset({'Fight Club'}),0.04597701149425287,0.8,2.721787709497207
"frozenset({'Boondock Saints, The'})",frozenset({'Pulp Fiction'}),0.04597701149425287,0.8,1.9967213114754099
"frozenset({'Boondock Saints, The'})","frozenset({'Shawshank Redemption, The'})",0.04597701149425287,0.8,1.778102189781022
"frozenset({'Boondock Saints, The'})","frozenset({'Matrix, The'})",0.04433497536945813,0.7714285714285715,2.116216216216216
"frozenset({'Boondock Saints, The'})",frozenset({'Forrest Gump'}),0.041050903119868636,0.7142857142857143,1.7469879518072289
"frozenset({'Boondock Saints, The'})","frozenset({'Usual Suspects, The'})",0.03940886699507389,0.6857142857142857,2.561963190184049
"frozenset({'Boondock Saints, The'})",frozenset({'Star Wars: Episode V - The Empire Strikes Back'}),0.03940886699507389,0.6857142857142857,2.4857142857142858
"frozenset({'Boondock Saints, The'})",frozenset({'Star Wars: Episode IV - A New Hope'}),0.03940886699507389,0.6857142857142857,2.0776119402985076
"frozenset({'Boondock Saints, The'})",frozenset({'Batman Begins'}),0.03776683087027915,0.6571428571428571,5.408108108108108
"frozenset({'Boondock Saints, The'})","frozenset({""Ocean's Eleven""})",0.03776683087027915,0.6571428571428571,5.0024999999999995
"frozenset({'Boondock Saints, The'})",frozenset({'Good Will Hunting'}),0.03776683087027915,0.6571428571428571,3.8854368932038836
"frozenset({'Boondock Saints, The'})",frozenset({'Alien'}),0.03776683087027915,0.6571428571428571,3.638181818181818
"frozenset({'Boondock Saints, The'})","frozenset({'Lord of the Rings: The Return of the King, The'})",0.03776683087027915,0.6571428571428571,2.8585714285714285
"frozenset({'Boondock Saints, The'})",frozenset({'Seven (a.k.a. Se7en)'}),0.03776683087027915,0.6571428571428571,2.8585714285714285
"frozenset({'Boondock Saints, The'})",frozenset({'Star Wars: Episode VI - Return of the Jedi'}),0.03776683087027915,0.6571428571428571,2.668
"frozenset({'Boondock Saints, The'})","frozenset({'Godfather, The'})",0.03776683087027915,0.6571428571428571,2.532911392405063
"frozenset({'Boondock Saints, The'})","frozenset({'Silence of the Lambs, The'})",0.03776683087027915,0.6571428571428571,1.7786666666666666
"frozenset({'Boondock Saints, The'})",frozenset({'V for Vendetta'}),0.0361247947454844,0.6285714285714286,5.713432835820895
"frozenset({'Boondock Saints, The'})",frozenset({'Pirates of the Caribbean: The Curse of the Black Pearl'}),0.0361247947454844,0.6285714285714286,4.301123595505619
"frozenset({'Boondock Saints, The'})","frozenset({'Beautiful Mind, A'})",0.0361247947454844,0.6285714285714286,4.253333333333333
"frozenset({'Boondock Saints, The'})",frozenset({'Reservoir Dogs'}),0.0361247947454844,0.6285714285714286,3.611320754716981
"frozenset({'Boondock Saints, The'})","frozenset({'Dark Knight, The'})",0.0361247947454844,0.6285714285714286,3.4178571428571427
"frozenset({'Boondock Saints, The'})",frozenset({'Shrek'}),0.0361247947454844,0.6285714285714286,3.3578947368421055
"frozenset({'Boondock Saints, The'})","frozenset({'Bourne Identity, The'})",0.034482758620689655,0.6,4.807894736842105
"frozenset({'Boondock Saints, The'})",frozenset({'Saving Private Ryan'}),0.034482758620689655,0.6,2.5914893617021275
"frozenset({'Boondock Saints, The'})","frozenset({'Lord of the Rings: The Fellowship of the Ring, The'})",0.034482758620689655,0.6,2.502739726027397
"frozenset({'Boondock Saints, The'})",frozenset({'Raiders of the Lost Ark (Indiana Jones and the Raiders of the Lost Ark)'}),0.034482758620689655,0.6,2.241717791411043
"frozenset({'Boondock Saints, The'})",frozenset({'Kill Bill: Vol. 2'}),0.0361247947454844,0.6285714285714286,5.316666666666666
"frozenset({'Boondock Saints, The'})",frozenset({'Donnie Darko'}),0.034482758620689655,0.6,4.745454545454545
"frozenset({'Boondock Saints, The'})",frozenset({'Kill Bill: Vol. 1'}),0.034482758620689655,0.6,4.152272727272727
"frozenset({'Boondock Saints, The'})","frozenset({'Lord of the Rings: The Two Towers, The'})",0.0361247947454844,0.6285714285714286,2.9221374045801527
"frozenset({'Pianist, The'})","frozenset({'Shawshank Redemption, The'})",0.042692939244663386,0.7428571428571429,1.651094890510949
"frozenset({'Pianist, The'})","frozenset({""Schindler's List""})",0.041050903119868636,0.7142857142857143,2.4857142857142858
"frozenset({'Pianist, The'})",frozenset({'Memento'}),0.03776683087027915,0.6571428571428571,3.280327868852459
"frozenset({'Pianist, The'})","frozenset({'Godfather, The'})",0.03776683087027915,0.6571428571428571,2.532911392405063
"frozenset({'Pianist, The'})",frozenset({'Fight Club'}),0.03776683087027915,0.6571428571428571,2.235754189944134
"frozenset({'Pianist, The'})","frozenset({'Matrix, The'})",0.03776683087027915,0.6571428571428571,1.8027027027027027
"frozenset({'Pianist, The'})",frozenset({'Pulp Fiction'}),0.03776683087027915,0.6571428571428571,1.6401639344262295
"frozenset({'Pianist, The'})",frozenset({'American History X'}),0.0361247947454844,0.6285714285714286,3.6807692307692306
"frozenset({'Pianist, The'})",frozenset({'Eternal Sunshine of the Spotless Mind'}),0.0361247947454844,0.6285714285714286,3.6457142857142855
"frozenset({'Pianist, The'})","frozenset({'Lord of the Rings: The Return of the King, The'})",0.0361247947454844,0.6285714285714286,2.7342857142857144
"frozenset({'Pianist, The'})",frozenset({'Forrest Gump'}),0.0361247947454844,0.6285714285714286,1.5373493975903614
"frozenset({'Pianist, The'})","frozenset({'Lord of the Rings: The Fellowship of the Ring, The'})",0.034482758620689655,0.6,2.502739726027397
"frozenset({'Pianist, The'})","frozenset({'Silence of the Lambs, The'})",0.034482758620689655,0.6,1.6239999999999999
"frozenset({'Pianist, The'})","frozenset({'Lord of the Rings: The Two Towers, The'})",0.034482758620689655,0.6,2.789312977099237
frozenset({'Sleepy Hollow'}),"frozenset({'Matrix, The'})",0.041050903119868636,0.78125,2.1431587837837838
frozenset({'Sleepy Hollow'}),frozenset({'Pulp Fiction'}),0.03776683087027915,0.7187500000000001,1.7939293032786887
frozenset({'Sleepy Hollow'}),frozenset({'Fight Club'}),0.0361247947454844,0.6875,2.3390363128491622
frozenset({'Sleepy Hollow'}),"frozenset({'Usual Suspects, The'})",0.03284072249589491,0.625,2.335122699386503
frozenset({'Sherlock Holmes'}),"frozenset({'Matrix, The'})",0.042692939244663386,0.8387096774193549,2.3007846556233655
frozenset({'Sherlock Holmes'}),"frozenset({'Lord of the Rings: The Return of the King, The'})",0.041050903119868636,0.8064516129032258,3.508064516129032
frozenset({'Sherlock Holmes'}),"frozenset({'Lord of the Rings: The Fellowship of the Ring, The'})",0.03776683087027915,0.7419354838709677,3.0947856827220503
frozenset({'Sherlock Holmes'}),frozenset({'Inception'}),0.0361247947454844,0.7096774193548386,4.039192041000904
frozenset({'Sherlock Holmes'}),frozenset({'Fight Club'}),0.0361247947454844,0.7096774193548386,2.4144890971346187
frozenset({'Sherlock Holmes'}),frozenset({'Forrest Gump'}),0.0361247947454844,0.7096774193548386,1.7357170617955693
frozenset({'Sherlock Holmes'}),"frozenset({'Shawshank Redemption, The'})",0.0361247947454844,0.7096774193548386,1.577348716741229
frozenset({'Sherlock Holmes'}),"frozenset({'Dark Knight, The'})",0.03284072249589491,0.6451612903225806,3.508064516129032
frozenset({'Sherlock Holmes'}),frozenset({'Pirates of the Caribbean: The Curse of the Black Pearl'}),0.031198686371100164,0.6129032258064516,4.193910837259877
frozenset({'Sherlock Holmes'}),frozenset({'Raiders of the Lost Ark (Indiana Jones and the Raiders of the Lost Ark)'}),0.031198686371100164,0.6129032258064516,2.2899267761725706
frozenset({'Sherlock Holmes'}),"frozenset({'Lord of the Rings: The Two Towers, The'})",0.031198686371100164,0.6129032258064516,2.8492982024131988
frozenset({'In Bruges'}),frozenset({'Fight Club'}),0.03940886699507389,0.7999999999999999,2.7217877094972067
frozenset({'In Bruges'}),frozenset({'Pulp Fiction'}),0.03940886699507389,0.7999999999999999,1.9967213114754097
frozenset({'In Bruges'}),"frozenset({'Matrix, The'})",0.03776683087027915,0.7666666666666667,2.103153153153153
frozenset({'In Bruges'}),frozenset({'Inception'}),0.0361247947454844,0.7333333333333333,4.173831775700934
frozenset({'In Bruges'}),"frozenset({'Dark Knight, The'})",0.0361247947454844,0.7333333333333333,3.9875
frozenset({'In Bruges'}),frozenset({'Star Wars: Episode IV - A New Hope'}),0.0361247947454844,0.7333333333333333,2.2218905472636816
frozenset({'In Bruges'}),"frozenset({'Lord of the Rings: The Return of the King, The'})",0.034482758620689655,0.7,3.045
frozenset({'In Bruges'}),"frozenset({'Lord of the Rings: The Fellowship of the Ring, The'})",0.03284072249589491,0.6666666666666666,2.7808219178082187
frozenset({'In Bruges'}),frozenset({'Star Wars: Episode VI - Return of the Jedi'}),0.03284072249589491,0.6666666666666666,2.7066666666666666
frozenset({'In Bruges'}),frozenset({'Star Wars: Episode V - The Empire Strikes Back'}),0.03284072249589491,0.6666666666666666,2.4166666666666665
frozenset({'In Bruges'}),"frozenset({'Godfather, The'})",0.031198686371100164,0.6333333333333333,2.441139240506329
frozenset({'In Bruges'}),"frozenset({'Silence of the Lambs, The'})",0.031198686371100164,0.6333333333333333,1.714222222222222
frozenset({'In Bruges'}),frozenset({'Eternal Sunshine of the Spotless Mind'}),0.029556650246305417,0.6,3.4799999999999995
frozenset({'In Bruges'}),frozenset({'Gladiator'}),0.029556650246305417,0.6,3.096610169491525
frozenset({'In Bruges'}),frozenset({'Memento'}),0.029556650246305417,0.6,2.9950819672131144
frozenset({'In Bruges'}),frozenset({'Raiders of the Lost Ark (Indiana Jones and the Raiders of the Lost Ark)'}),0.029556650246305417,0.6,2.241717791411043
frozenset({'In Bruges'}),frozenset({'American Beauty'}),0.031198686371100164,0.6333333333333333,2.5375
frozenset({'In Bruges'}),frozenset({'Kill Bill: Vol. 1'}),0.029556650246305417,0.6,4.152272727272727
frozenset({'Mystic River'}),frozenset({'Pulp Fiction'}),0.041050903119868636,0.8333333333333333,2.079918032786885
frozenset({'Mystic River'}),"frozenset({'Shawshank Redemption, The'})",0.03940886699507389,0.7999999999999999,1.7781021897810216
frozenset({'Mystic River'}),frozenset({'Fight Club'}),0.03776683087027915,0.7666666666666667,2.608379888268157
frozenset({'Mystic River'}),frozenset({'Forrest Gump'}),0.0361247947454844,0.7333333333333333,1.793574297188755
frozenset({'Mystic River'}),"frozenset({'Departed, The'})",0.034482758620689655,0.7,4.736666666666666
frozenset({'Mystic River'}),"frozenset({""One Flew Over the Cuckoo's Nest""})",0.034482758620689655,0.7,3.947222222222222
frozenset({'Mystic River'}),"frozenset({'Godfather, The'})",0.03284072249589491,0.6666666666666666,2.5696202531645564
frozenset({'Mystic River'}),"frozenset({'Matrix, The'})",0.03284072249589491,0.6666666666666666,1.8288288288288288
frozenset({'Mystic River'}),frozenset({'Reservoir Dogs'}),0.031198686371100164,0.6333333333333333,3.6386792452830186
frozenset({'Mystic River'}),"frozenset({'Usual Suspects, The'})",0.031198686371100164,0.6333333333333333,2.3662576687116563
frozenset({'Mystic River'}),frozenset({'Eternal Sunshine of the Spotless Mind'}),0.029556650246305417,0.6,3.4799999999999995
frozenset({'Mystic River'}),frozenset({'Fargo'}),0.029556650246305417,0.6,2.667153284671533
frozenset({'Mystic River'}),"frozenset({'Lord of the Rings: The Return of the King, The'})",0.029556650246305417,0.6,2.61
frozenset({'Mystic River'}),"frozenset({'Lord of the Rings: The Fellowship of the Ring, The'})",0.029556650246305417,0.6,2.502739726027397
frozenset({'Mystic River'}),"frozenset({'Silence of the Lambs, The'})",0.029556650246305417,0.6,1.6239999999999999
frozenset({'Mystic River'}),frozenset({'Kill Bill: Vol. 1'}),0.03284072249589491,0.6666666666666666,4.613636363636363
frozenset({'Mystic River'}),frozenset({'American Beauty'}),0.029556650246305417,0.6,2.4039473684210524
"frozenset({'Fifth Element, The'})","frozenset({'Matrix, The'})",0.08866995073891626,0.782608695652174,2.146886016451234
"frozenset({'Fifth Element, The'})",frozenset({'Star Wars: Episode V - The Empire Strikes Back'}),0.07881773399014778,0.6956521739130435,2.5217391304347827
"frozenset({'Fifth Element, The'})",frozenset({'Star Wars: Episode IV - A New Hope'}),0.07389162561576355,0.6521739130434783,1.9759896171317328
"frozenset({'Fifth Element, The'})",frozenset({'Terminator 2: Judgment Day'}),0.06896551724137931,0.6086956521739131,2.471304347826087
"frozenset({'Fifth Element, The'})",frozenset({'Star Wars: Episode VI - Return of the Jedi'}),0.07389162561576355,0.6521739130434783,2.6478260869565218
"frozenset({""Ferris Bueller's Day Off""})","frozenset({'Princess Bride, The'})",0.0722495894909688,0.6875,3.841169724770642
"frozenset({""Ferris Bueller's Day Off""})","frozenset({'Matrix, The'})",0.0722495894909688,0.6875,1.8859797297297298
"frozenset({""Ferris Bueller's Day Off""})",frozenset({'Star Wars: Episode IV - A New Hope'}),0.07060755336617405,0.671875,2.035680970149254
"frozenset({""Ferris Bueller's Day Off""})",frozenset({'Star Wars: Episode V - The Empire Strikes Back'}),0.06896551724137931,0.65625,2.37890625
"frozenset({""Ferris Bueller's Day Off""})",frozenset({'Back to the Future'}),0.06732348111658457,0.640625,3.224302685950413
"frozenset({""Ferris Bueller's Day Off""})",frozenset({'American Beauty'}),0.06732348111658457,0.640625,2.5667146381578947
"frozenset({""Ferris Bueller's Day Off""})",frozenset({'Groundhog Day'}),0.06403940886699508,0.6093750000000001,3.8258698453608253
"frozenset({""Ferris Bueller's Day Off""})",frozenset({'Fight Club'}),0.06403940886699508,0.6093750000000001,2.073236731843576
"frozenset({""Ferris Bueller's Day Off""})",frozenset({'Pulp Fiction'}),0.0722495894909688,0.6875,1.7159323770491803
"frozenset({""Ferris Bueller's Day Off""})",frozenset({'Forrest Gump'}),0.0722495894909688,0.6875,1.6814759036144578
"frozenset({""Ferris Bueller's Day Off""})","frozenset({'Silence of the Lambs, The'})",0.06568144499178982,0.625,1.6916666666666667
"frozenset({""Ferris Bueller's Day Off""})","frozenset({'Godfather, The'})",0.06403940886699508,0.6093750000000001,2.348793512658228
"frozenset({""Ferris Bueller's Day Off""})","frozenset({'Usual Suspects, The'})",0.06403940886699508,0.6093750000000001,2.276744631901841
frozenset({'Shakespeare in Love'}),"frozenset({'Matrix, The'})",0.06732348111658457,0.6507936507936508,1.7852852852852854
frozenset({'Shakespeare in Love'}),frozenset({'Star Wars: Episode IV - A New Hope'}),0.06403940886699508,0.6190476190476191,1.875621890547264
frozenset({'Shakespeare in Love'}),frozenset({'Star Wars: Episode V - The Empire Strikes Back'}),0.06239737274220033,0.6031746031746031,2.1865079365079363
frozenset({'Shakespeare in Love'}),"frozenset({'Silence of the Lambs, The'})",0.06239737274220033,0.6031746031746031,1.6325925925925926
"frozenset({'Fish Called Wanda, A'})",frozenset({'Raiders of the Lost Ark (Indiana Jones and the Raiders of the Lost Ark)'}),0.05582922824302135,0.6938775510204082,2.5924627519719543
"frozenset({'Fish Called Wanda, A'})",frozenset({'Star Wars: Episode V - The Empire Strikes Back'}),0.054187192118226604,0.6734693877551021,2.4413265306122454
"frozenset({'Fish Called Wanda, A'})",frozenset({'Star Wars: Episode IV - A New Hope'}),0.054187192118226604,0.6734693877551021,2.0405117270788917
"frozenset({'Fish Called Wanda, A'})",frozenset({'Alien'}),0.04926108374384237,0.6122448979591837,3.3896103896103895
"frozenset({'Fish Called Wanda, A'})","frozenset({'Matrix, The'})",0.04926108374384237,0.6122448979591837,1.6795366795366795
"frozenset({'Fish Called Wanda, A'})",frozenset({'Pulp Fiction'}),0.059113300492610835,0.7346938775510203,1.8337236533957844
"frozenset({'Fish Called Wanda, A'})","frozenset({'Silence of the Lambs, The'})",0.05582922824302135,0.6938775510204082,1.878095238095238
"frozenset({'Fish Called Wanda, A'})",frozenset({'Fargo'}),0.04926108374384237,0.6122448979591837,2.721584984358707
"frozenset({'Fish Called Wanda, A'})","frozenset({'Usual Suspects, The'})",0.04926108374384237,0.6122448979591837,2.287467134092901
"frozenset({'Fish Called Wanda, A'})",frozenset({'Monty Python and the Holy Grail'}),0.04926108374384237,0.6122448979591837,3.691654879773692
"frozenset({'Nightmare Before Christmas, The'})",frozenset({'Pulp Fiction'}),0.04597701149425287,0.608695652173913,1.5192444761225943
frozenset({'Vertigo'}),frozenset({'Star Wars: Episode IV - A New Hope'}),0.04597701149425287,0.6363636363636364,1.9280868385345997
frozenset({'Vertigo'}),frozenset({'Rear Window'}),0.04433497536945813,0.6136363636363636,5.662190082644628
frozenset({'Vertigo'}),frozenset({'American Beauty'}),0.04433497536945813,0.6136363636363636,2.4585825358851676
frozenset({'Vertigo'}),"frozenset({'Godfather, The'})",0.05747126436781609,0.7954545454545455,3.0660241657077103
frozenset({'Vertigo'}),frozenset({'Pulp Fiction'}),0.05090311986863711,0.7045454545454546,1.7584761549925485
frozenset({'Vertigo'}),"frozenset({'Silence of the Lambs, The'})",0.04597701149425287,0.6363636363636364,1.7224242424242424
frozenset({'Vertigo'}),"frozenset({'Godfather: Part II, The'})",0.04433497536945813,0.6136363636363636,3.4925658453695836
frozenset({'Vertigo'}),"frozenset({'Usual Suspects, The'})",0.04433497536945813,0.6136363636363636,2.292665923034021
frozenset({'Vertigo'}),frozenset({'Taxi Driver'}),0.04926108374384237,0.6818181818181819,5.463516746411484
frozenset({'Vertigo'}),frozenset({'Fargo'}),0.04926108374384237,0.6818181818181819,3.0308560053085603
frozenset({'Vertigo'}),frozenset({'Dr. Strangelove or: How I Learned to Stop Worrying and Love the Bomb'}),0.04597701149425287,0.6363636363636364,4.968531468531468
frozenset({'Vertigo'}),frozenset({'Casablanca'}),0.047619047619047616,0.6590909090909091,5.017329545454545
frozenset({'Galaxy Quest'}),frozenset({'Star Wars: Episode IV - A New Hope'}),0.052545155993431854,0.7272727272727273,2.203527815468114
frozenset({'Galaxy Quest'}),frozenset({'Raiders of the Lost Ark (Indiana Jones and the Raiders of the Lost Ark)'}),0.047619047619047616,0.6590909090909091,2.4624930284439484
frozenset({'Galaxy Quest'}),frozenset({'Star Wars: Episode V - The Empire Strikes Back'}),0.047619047619047616,0.6590909090909091,2.3892045454545454
frozenset({'Galaxy Quest'}),"frozenset({'Matrix, The'})",0.047619047619047616,0.6590909090909091,1.808046683046683
frozenset({'Galaxy Quest'}),frozenset({'Men in Black (a.k.a. MIB)'}),0.04433497536945813,0.6136363636363636,4.917165071770335
frozenset({'Animal House'}),frozenset({'Raiders of the Lost Ark (Indiana Jones and the Raiders of the Lost Ark)'}),0.041050903119868636,0.7142857142857143,2.668711656441718
frozenset({'Animal House'}),frozenset({'Star Wars: Episode IV - A New Hope'}),0.03776683087027915,0.6571428571428571,1.991044776119403
frozenset({'Animal House'}),"frozenset({'Matrix, The'})",0.03776683087027915,0.6571428571428571,1.8027027027027027
frozenset({'Animal House'}),frozenset({'Star Wars: Episode V - The Empire Strikes Back'}),0.034482758620689655,0.6,2.175
"frozenset({'Thomas Crown Affair, The'})","frozenset({'Matrix, The'})",0.03776683087027915,0.6764705882352942,1.8557233704292528
frozenset({'Close Encounters of the Third Kind'}),frozenset({'Star Wars: Episode IV - A New Hope'}),0.04433497536945813,0.7941176470588235,2.4060579455662863
frozenset({'Close Encounters of the Third Kind'}),frozenset({'Star Wars: Episode V - The Empire Strikes Back'}),0.041050903119868636,0.7352941176470588,2.665441176470588
frozenset({'Close Encounters of the Third Kind'}),frozenset({'Raiders of the Lost Ark (Indiana Jones and the Raiders of the Lost Ark)'}),0.03776683087027915,0.6764705882352942,2.527426921688921
frozenset({'Close Encounters of the Third Kind'}),"frozenset({'Silence of the Lambs, The'})",0.03776683087027915,0.6764705882352942,1.8309803921568628
"frozenset({'O Brother, Where Art Thou?'})",frozenset({'Pulp Fiction'}),0.0755336617405583,0.7666666666666667,1.9135245901639346
"frozenset({'O Brother, Where Art Thou?'})","frozenset({'Matrix, The'})",0.06732348111658457,0.6833333333333333,1.8745495495495497
"frozenset({'O Brother, Where Art Thou?'})","frozenset({'Silence of the Lambs, The'})",0.06403940886699508,0.65,1.7593333333333334
"frozenset({'O Brother, Where Art Thou?'})",frozenset({'Fight Club'}),0.060755336617405585,0.6166666666666667,2.0980446927374303
frozenset({'Mary Poppins'}),frozenset({'Forrest Gump'}),0.054187192118226604,0.6470588235294118,1.5825655563430192
frozenset({'Mary Poppins'}),frozenset({'Toy Story'}),0.05090311986863711,0.607843137254902,2.518207282913165
"frozenset({'Sound of Music, The'})",frozenset({'Mary Poppins'}),0.04597701149425287,0.6666666666666666,7.96078431372549
"frozenset({'Royal Tenenbaums, The'})",frozenset({'Pulp Fiction'}),0.04597701149425287,0.7179487179487178,1.7919293820933162
"frozenset({'Royal Tenenbaums, The'})",frozenset({'Fight Club'}),0.04433497536945813,0.6923076923076923,2.3553932101418136
"frozenset({'Royal Tenenbaums, The'})","frozenset({'Matrix, The'})",0.041050903119868636,0.641025641025641,1.7584892584892584
"frozenset({""Bug's Life, A""})",frozenset({'Forrest Gump'}),0.04433497536945813,0.6923076923076923,1.6932344763670064
"frozenset({""Bug's Life, A""})","frozenset({'Matrix, The'})",0.03940886699507389,0.6153846153846153,1.688149688149688
"frozenset({""Bug's Life, A""})",frozenset({'Toy Story'}),0.041050903119868636,0.641025641025641,2.655677655677655
"frozenset({""Bug's Life, A""})",frozenset({'Star Wars: Episode IV - A New Hope'}),0.041050903119868636,0.641025641025641,1.9422120168388823
"frozenset({'Christmas Story, A'})",frozenset({'Star Wars: Episode IV - A New Hope'}),0.04597701149425287,0.7777777777777778,2.3565505804311777
"frozenset({'Christmas Story, A'})",frozenset({'Saving Private Ryan'}),0.042692939244663386,0.7222222222222223,3.119385342789599
"frozenset({'Christmas Story, A'})","frozenset({'Silence of the Lambs, The'})",0.042692939244663386,0.7222222222222223,1.9548148148148152
"frozenset({'Christmas Story, A'})",frozenset({'Groundhog Day'}),0.041050903119868636,0.6944444444444444,4.359965635738831
"frozenset({'Christmas Story, A'})","frozenset({'Princess Bride, The'})",0.041050903119868636,0.6944444444444444,3.8799694189602443
"frozenset({'Christmas Story, A'})","frozenset({'Matrix, The'})",0.041050903119868636,0.6944444444444444,1.90503003003003
"frozenset({'Christmas Story, A'})",frozenset({'Pulp Fiction'}),0.041050903119868636,0.6944444444444444,1.7332650273224042
"frozenset({'Christmas Story, A'})",frozenset({'Forrest Gump'}),0.041050903119868636,0.6944444444444444,1.6984605087014726
"frozenset({'Christmas Story, A'})",frozenset({'Back to the Future'}),0.03940886699507389,0.6666666666666667,3.3553719008264467
"frozenset({'Christmas Story, A'})","frozenset({'Godfather, The'})",0.03940886699507389,0.6666666666666667,2.569620253164557
"frozenset({'Christmas Story, A'})","frozenset({""Ferris Bueller's Day Off""})",0.03776683087027915,0.638888888888889,6.079427083333334
"frozenset({'Christmas Story, A'})",frozenset({'Goodfellas'}),0.0361247947454844,0.611111111111111,3.6132686084142396
"frozenset({'Christmas Story, A'})",frozenset({'Star Wars: Episode V - The Empire Strikes Back'}),0.041050903119868636,0.6944444444444444,2.517361111111111
"frozenset({'Christmas Story, A'})",frozenset({'Raiders of the Lost Ark (Indiana Jones and the Raiders of the Lost Ark)'}),0.03940886699507389,0.6666666666666667,2.49079754601227
"frozenset({'Christmas Story, A'})",frozenset({'Fargo'}),0.0361247947454844,0.611111111111111,2.71654501216545
frozenset({'Star Wars: Episode II - Attack of the Clones'}),"frozenset({'Lord of the Rings: The Two Towers, The'})",0.0361247947454844,0.6285714285714286,2.9221374045801527
frozenset({'Star Wars: Episode II - Attack of the Clones'}),"frozenset({'Lord of the Rings: The Fellowship of the Ring, The'})",0.034482758620689655,0.6,2.502739726027397
frozenset({'Star Wars: Episode II - Attack of the Clones'}),frozenset({'Star Wars: Episode V - The Empire Strikes Back'}),0.042692939244663386,0.7428571428571429,2.692857142857143
frozenset({'Star Wars: Episode II - Attack of the Clones'}),"frozenset({'Matrix, The'})",0.042692939244663386,0.7428571428571429,2.037837837837838
frozenset({'Star Wars: Episode II - Attack of the Clones'}),frozenset({'Star Wars: Episode VI - Return of the Jedi'}),0.03940886699507389,0.6857142857142857,2.784
frozenset({'Star Wars: Episode II - Attack of the Clones'}),frozenset({'Star Wars: Episode IV - A New Hope'}),0.03940886699507389,0.6857142857142857,2.0776119402985076
frozenset({'Star Wars: Episode II - Attack of the Clones'}),"frozenset({'Lord of the Rings: The Return of the King, The'})",0.034482758620689655,0.6,2.61
frozenset({'Men in Black (a.k.a. MIB)'}),"frozenset({'Matrix, The'})",0.08866995073891626,0.7105263157894737,1.9491465149359886
frozenset({'Men in Black (a.k.a. MIB)'}),frozenset({'Star Wars: Episode IV - A New Hope'}),0.08210180623973727,0.6578947368421052,1.993322859387274
frozenset({'Men in Black (a.k.a. MIB)'}),frozenset({'Star Wars: Episode V - The Empire Strikes Back'}),0.07881773399014778,0.631578947368421,2.289473684210526
frozenset({'Men in Black (a.k.a. MIB)'}),frozenset({'Star Wars: Episode VI - Return of the Jedi'}),0.07717569786535304,0.618421052631579,2.5107894736842105
frozenset({'Harry Potter and the Prisoner of Azkaban'}),"frozenset({'Lord of the Rings: The Two Towers, The'})",0.06403940886699508,0.639344262295082,2.972218746089351
frozenset({'Harry Potter and the Prisoner of Azkaban'}),"frozenset({'Lord of the Rings: The Return of the King, The'})",0.06403940886699508,0.639344262295082,2.7811475409836066
frozenset({'Shrek 2'}),frozenset({'Shrek'}),0.06568144499178982,0.9090909090909092,4.856459330143541
frozenset({'Shrek 2'}),frozenset({'Pirates of the Caribbean: The Curse of the Black Pearl'}),0.047619047619047616,0.6590909090909091,4.509959141981614
frozenset({'Shrek 2'}),frozenset({'Forrest Gump'}),0.047619047619047616,0.6590909090909091,1.6119934282584885
frozenset({'Shrek 2'}),"frozenset({'Matrix, The'})",0.04597701149425287,0.6363636363636364,1.7457002457002457
frozenset({'Shrek 2'}),frozenset({'Finding Nemo'}),0.047619047619047616,0.6590909090909091,4.22511961722488
frozenset({'Shrek 2'}),"frozenset({'Lord of the Rings: The Two Towers, The'})",0.04597701149425287,0.6363636363636364,2.9583622484385845
frozenset({'Shrek 2'}),"frozenset({'Incredibles, The'})",0.04433497536945813,0.6136363636363636,4.730437284234752
frozenset({'Shrek 2'}),"frozenset({'Lord of the Rings: The Return of the King, The'})",0.04433497536945813,0.6136363636363636,2.669318181818182
frozenset({'American Pie'}),frozenset({'Forrest Gump'}),0.04597701149425287,0.6666666666666666,1.6305220883534135
frozenset({'American Pie'}),"frozenset({'Matrix, The'})",0.042692939244663386,0.6190476190476191,1.6981981981981982
frozenset({'American Pie'}),frozenset({'American Beauty'}),0.04433497536945813,0.6428571428571429,2.5756578947368425
frozenset({'Harry Potter and the Goblet of Fire'}),frozenset({'Harry Potter and the Prisoner of Azkaban'}),0.04926108374384237,0.7692307692307692,7.679697351828499
frozenset({'Harry Potter and the Goblet of Fire'}),frozenset({'Harry Potter and the Chamber of Secrets'}),0.04433497536945813,0.6923076923076923,8.783653846153847
frozenset({'Harry Potter and the Goblet of Fire'}),"frozenset({""Harry Potter and the Sorcerer's Stone (a.k.a. Harry Potter and the Philosopher's Stone)""})",0.04433497536945813,0.6923076923076923,7.269230769230769
frozenset({'Harry Potter and the Goblet of Fire'}),frozenset({'Forrest Gump'}),0.04433497536945813,0.6923076923076923,1.6932344763670064
frozenset({'Harry Potter and the Goblet of Fire'}),"frozenset({'Matrix, The'})",0.041050903119868636,0.641025641025641,1.7584892584892584
frozenset({'Harry Potter and the Goblet of Fire'}),frozenset({'Star Wars: Episode IV - A New Hope'}),0.03940886699507389,0.6153846153846153,1.864523536165327
frozenset({'Harry Potter and the Goblet of Fire'}),"frozenset({'Lord of the Rings: The Two Towers, The'})",0.04433497536945813,0.6923076923076923,3.2184380504991195
frozenset({'Harry Potter and the Goblet of Fire'}),"frozenset({'Lord of the Rings: The Return of the King, The'})",0.04433497536945813,0.6923076923076923,3.0115384615384615
frozenset({'Harry Potter and the Goblet of Fire'}),"frozenset({'Lord of the Rings: The Fellowship of the Ring, The'})",0.03940886699507389,0.6153846153846153,2.566912539515279
frozenset({'Harry Potter and the Half-Blood Prince'}),frozenset({'Harry Potter and the Prisoner of Azkaban'}),0.04597701149425287,0.7567567567567567,7.555161719096144
frozenset({'Harry Potter and the Half-Blood Prince'}),"frozenset({""Harry Potter and the Sorcerer's Stone (a.k.a. Harry Potter and the Philosopher's Stone)""})",0.03940886699507389,0.6486486486486487,6.810810810810811
frozenset({'Harry Potter and the Half-Blood Prince'}),frozenset({'Star Wars: Episode IV - A New Hope'}),0.03776683087027915,0.6216216216216216,1.8834207341670028
frozenset({'Harry Potter and the Half-Blood Prince'}),frozenset({'Forrest Gump'}),0.03776683087027915,0.6216216216216216,1.5203516769781829
frozenset({'Harry Potter and the Half-Blood Prince'}),frozenset({'Harry Potter and the Deathly Hallows: Part 2'}),0.041050903119868636,0.6756756756756757,12.469287469287469
frozenset({'Harry Potter and the Deathly Hallows: Part 2'}),frozenset({'Harry Potter and the Half-Blood Prince'}),0.041050903119868636,0.7575757575757575,12.469287469287467
frozenset({'Harry Potter and the Deathly Hallows: Part 2'}),frozenset({'Harry Potter and the Prisoner of Azkaban'}),0.0361247947454844,0.6666666666666666,6.655737704918033
frozenset({'Harry Potter and the Deathly Hallows: Part 2'}),"frozenset({""Harry Potter and the Sorcerer's Stone (a.k.a. Harry Potter and the Philosopher's Stone)""})",0.03284072249589491,0.6060606060606061,6.363636363636364
frozenset({'Harry Potter and the Deathly Hallows: Part 2'}),frozenset({'Inception'}),0.0361247947454844,0.6666666666666666,3.7943925233644857
frozenset({'Harry Potter and the Deathly Hallows: Part 2'}),frozenset({'Fight Club'}),0.034482758620689655,0.6363636363636364,2.165058405281869
frozenset({'Harry Potter and the Deathly Hallows: Part 2'}),frozenset({'Harry Potter and the Order of the Phoenix'}),0.03284072249589491,0.6060606060606061,10.252525252525253
frozenset({'Kill Bill: Vol. 1'}),frozenset({'Kill Bill: Vol. 2'}),0.10673234811165845,0.7386363636363636,6.247632575757576
frozenset({'Kill Bill: Vol. 2'}),frozenset({'Kill Bill: Vol. 1'}),0.10673234811165845,0.9027777777777778,6.247632575757576
frozenset({'Kill Bill: Vol. 2'}),"frozenset({'Matrix, The'})",0.08538587848932677,0.7222222222222223,1.9812312312312315
frozenset({'Kill Bill: Vol. 2'}),frozenset({'Pulp Fiction'}),0.08538587848932677,0.7222222222222223,1.8025956284153009
frozenset({'Kill Bill: Vol. 2'}),frozenset({'Star Wars: Episode V - The Empire Strikes Back'}),0.07389162561576355,0.6250000000000001,2.2656250000000004
frozenset({'Kill Bill: Vol. 2'}),frozenset({'Star Wars: Episode IV - A New Hope'}),0.0722495894909688,0.611111111111111,1.851575456053068
frozenset({'Kill Bill: Vol. 2'}),frozenset({'Fight Club'}),0.09195402298850575,0.7777777777777778,2.646182495344507
frozenset({'Kill Bill: Vol. 2'}),"frozenset({'Lord of the Rings: The Return of the King, The'})",0.07717569786535304,0.6527777777777778,2.8395833333333336
frozenset({'Lost in Translation'}),frozenset({'Memento'}),0.05090311986863711,0.6326530612244898,3.15807962529274
frozenset({'Lost in Translation'}),frozenset({'Fight Club'}),0.04926108374384237,0.6122448979591837,2.0830007980845973
frozenset({'Lost in Translation'}),frozenset({'Eternal Sunshine of the Spotless Mind'}),0.054187192118226604,0.6734693877551021,3.906122448979592
frozenset({'Lost in Translation'}),frozenset({'Pulp Fiction'}),0.05090311986863711,0.6326530612244898,1.57903981264637
frozenset({'Lost in Translation'}),"frozenset({'Matrix, The'})",0.04926108374384237,0.6122448979591837,1.6795366795366795
frozenset({'No Country for Old Men'}),frozenset({'Forrest Gump'}),0.047619047619047616,0.6444444444444444,1.5761713520749663
frozenset({'No Country for Old Men'}),frozenset({'Pulp Fiction'}),0.06239737274220033,0.8444444444444443,2.1076502732240434
frozenset({'No Country for Old Men'}),"frozenset({'Godfather, The'})",0.04926108374384237,0.6666666666666666,2.5696202531645564
frozenset({'No Country for Old Men'}),"frozenset({'Matrix, The'})",0.04597701149425287,0.6222222222222221,1.7069069069069067
frozenset({'No Country for Old Men'}),"frozenset({'Departed, The'})",0.047619047619047616,0.6444444444444444,4.36074074074074
frozenset({'No Country for Old Men'}),frozenset({'Fight Club'}),0.054187192118226604,0.7333333333333333,2.494972067039106
frozenset({'No Country for Old Men'}),frozenset({'Reservoir Dogs'}),0.04433497536945813,0.6,3.4471698113207543
frozenset({'No Country for Old Men'}),"frozenset({'Usual Suspects, The'})",0.04433497536945813,0.6,2.241717791411043
frozenset({'Bowling for Columbine'}),"frozenset({'Shawshank Redemption, The'})",0.042692939244663386,0.7647058823529412,1.6996565049377417
frozenset({'Bowling for Columbine'}),frozenset({'Kill Bill: Vol. 1'}),0.0361247947454844,0.6470588235294117,4.477941176470588
frozenset({'Bowling for Columbine'}),frozenset({'Fight Club'}),0.04433497536945813,0.7941176470588235,2.7017745645744333
frozenset({'Bowling for Columbine'}),"frozenset({'Matrix, The'})",0.041050903119868636,0.7352941176470588,2.017090620031796
frozenset({'Bowling for Columbine'}),frozenset({'Star Wars: Episode IV - A New Hope'}),0.034482758620689655,0.6176470588235294,1.8713784021071116
frozenset({'Bowling for Columbine'}),frozenset({'Pulp Fiction'}),0.042692939244663386,0.7647058823529412,1.9086306653809066
frozenset({'Bowling for Columbine'}),frozenset({'American Beauty'}),0.041050903119868636,0.7352941176470588,2.9460139318885448
frozenset({'Bowling for Columbine'}),frozenset({'Monty Python and the Holy Grail'}),0.03776683087027915,0.6764705882352942,4.078916715200933
frozenset({'Bowling for Columbine'}),"frozenset({'Usual Suspects, The'})",0.0361247947454844,0.6470588235294117,2.4175387946589675
frozenset({'Bowling for Columbine'}),frozenset({'Reservoir Dogs'}),0.034482758620689655,0.6176470588235294,3.5485571587125415
frozenset({'Mulholland Drive'}),frozenset({'Fight Club'}),0.042692939244663386,0.7878787878787878,2.6805485017775523
frozenset({'Mulholland Drive'}),frozenset({'Pulp Fiction'}),0.042692939244663386,0.7878787878787878,1.9664679582712368
frozenset({'Mulholland Drive'}),frozenset({'Memento'}),0.03776683087027915,0.696969696969697,3.479135618479881
frozenset({'Mulholland Drive'}),"frozenset({'Silence of the Lambs, The'})",0.0361247947454844,0.6666666666666666,1.8044444444444443
frozenset({'Mulholland Drive'}),"frozenset({'Matrix, The'})",0.03776683087027915,0.696969696969697,1.911957411957412
"frozenset({'Boot, Das (Boat, The)'})",frozenset({'Alien'}),0.0361247947454844,0.7096774193548386,3.929032258064516
"frozenset({'Boot, Das (Boat, The)'})",frozenset({'Apocalypse Now'}),0.03284072249589491,0.6451612903225806,4.911290322580645
"frozenset({'Boot, Das (Boat, The)'})","frozenset({'Godfather, The'})",0.034482758620689655,0.6774193548387096,2.6110657411188236
"frozenset({'Boot, Das (Boat, The)'})",frozenset({'Taxi Driver'}),0.03284072249589491,0.6451612903225806,5.169779286926995
"frozenset({'Boot, Das (Boat, The)'})",frozenset({'Fargo'}),0.031198686371100164,0.6129032258064516,2.724511419825759
frozenset({'District 9'}),"frozenset({'Matrix, The'})",0.05747126436781609,0.8974358974358974,2.461884961884962
frozenset({'District 9'}),"frozenset({'Dark Knight, The'})",0.04597701149425287,0.7179487179487178,3.9038461538461533
frozenset({'District 9'}),frozenset({'Inception'}),0.041050903119868636,0.641025641025641,3.6484543493889285
frozenset({'District 9'}),frozenset({'Star Wars: Episode IV - A New Hope'}),0.03940886699507389,0.6153846153846153,1.864523536165327
frozenset({'District 9'}),"frozenset({'Lord of the Rings: The Return of the King, The'})",0.03940886699507389,0.6153846153846153,2.6769230769230767
frozenset({'District 9'}),frozenset({'Fight Club'}),0.03940886699507389,0.6153846153846153,2.0936828534593896
frozenset({'District 9'}),"frozenset({'Lord of the Rings: The Fellowship of the Ring, The'})",0.03940886699507389,0.6153846153846153,2.566912539515279
frozenset({'300'}),"frozenset({'Matrix, The'})",0.05090311986863711,0.8157894736842105,2.237908961593172
frozenset({'300'}),frozenset({'Pulp Fiction'}),0.04433497536945813,0.7105263157894737,1.7734037963761864
frozenset({'300'}),frozenset({'Forrest Gump'}),0.04433497536945813,0.7105263157894737,1.7377932783766645
frozenset({'300'}),"frozenset({'Shawshank Redemption, The'})",0.04433497536945813,0.7105263157894737,1.5792354975028813
frozenset({'300'}),frozenset({'V for Vendetta'}),0.041050903119868636,0.6578947368421052,5.979968578161822
frozenset({'300'}),"frozenset({'Dark Knight, The'})",0.041050903119868636,0.6578947368421052,3.577302631578947
frozenset({'300'}),frozenset({'Saving Private Ryan'}),0.041050903119868636,0.6578947368421052,2.841545352743561
frozenset({'300'}),frozenset({'Raiders of the Lost Ark (Indiana Jones and the Raiders of the Lost Ark)'}),0.041050903119868636,0.6578947368421052,2.4580238940910557
frozenset({'300'}),"frozenset({'Bourne Identity, The'})",0.03940886699507389,0.631578947368421,5.0609418282548475
frozenset({'300'}),frozenset({'Good Will Hunting'}),0.03940886699507389,0.631578947368421,3.7342871742462953
frozenset({'300'}),"frozenset({'Silence of the Lambs, The'})",0.03940886699507389,0.631578947368421,1.7094736842105263
frozenset({'300'}),frozenset({'Inception'}),0.03776683087027915,0.6052631578947368,3.4449090014756516
frozenset({'300'}),frozenset({'Gladiator'}),0.03776683087027915,0.6052631578947368,3.123773416592328
frozenset({'300'}),frozenset({'Star Wars: Episode V - The Empire Strikes Back'}),0.04433497536945813,0.7105263157894737,2.575657894736842
frozenset({'300'}),frozenset({'Star Wars: Episode IV - A New Hope'}),0.042692939244663386,0.6842105263157895,2.073055773762765
frozenset({'300'}),frozenset({'Kill Bill: Vol. 1'}),0.03776683087027915,0.6052631578947368,4.188696172248804
frozenset({'300'}),frozenset({'Star Wars: Episode VI - Return of the Jedi'}),0.03776683087027915,0.6052631578947368,2.4573684210526316
frozenset({'300'}),"frozenset({'Lord of the Rings: The Return of the King, The'})",0.04597701149425287,0.7368421052631579,3.205263157894737
frozenset({'300'}),frozenset({'Fight Club'}),0.041050903119868636,0.6578947368421052,2.2383122610996766
frozenset({'300'}),"frozenset({'Departed, The'})",0.03776683087027915,0.6052631578947368,4.095614035087719
frozenset({'300'}),"frozenset({'Lord of the Rings: The Two Towers, The'})",0.04433497536945813,0.7105263157894737,3.3031337886701486
frozenset({'300'}),frozenset({'Pirates of the Caribbean: The Curse of the Black Pearl'}),0.03940886699507389,0.631578947368421,4.321703134240095
frozenset({'300'}),frozenset({'Memento'}),0.03776683087027915,0.6052631578947368,3.0213546160483173
"frozenset({'40-Year-Old Virgin, The'})",frozenset({'Raiders of the Lost Ark (Indiana Jones and the Raiders of the Lost Ark)'}),0.034482758620689655,0.6,2.241717791411043
"frozenset({'40-Year-Old Virgin, The'})","frozenset({'Matrix, The'})",0.034482758620689655,0.6,1.6459459459459458
"frozenset({'40-Year-Old Virgin, The'})",frozenset({'Fight Club'}),0.03776683087027915,0.6571428571428571,2.235754189944134
"frozenset({'40-Year-Old Virgin, The'})","frozenset({'Lord of the Rings: The Return of the King, The'})",0.03776683087027915,0.6571428571428571,2.8585714285714285
"frozenset({'40-Year-Old Virgin, The'})","frozenset({'Lord of the Rings: The Two Towers, The'})",0.034482758620689655,0.6,2.789312977099237
"frozenset({'Great Escape, The'})",frozenset({'Raiders of the Lost Ark (Indiana Jones and the Raiders of the Lost Ark)'}),0.03940886699507389,0.7272727272727273,2.71723368655884
"frozenset({'Great Escape, The'})",frozenset({'Star Wars: Episode IV - A New Hope'}),0.034482758620689655,0.6363636363636364,1.9280868385345997
"frozenset({'Great Escape, The'})","frozenset({'Godfather, The'})",0.03940886699507389,0.7272727272727273,2.8032220943613346
"frozenset({'Great Escape, The'})","frozenset({'Shawshank Redemption, The'})",0.03776683087027915,0.696969696969697,1.549104180491042
"frozenset({'Great Escape, The'})","frozenset({""Schindler's List""})",0.034482758620689655,0.6363636363636364,2.214545454545455
"frozenset({'Great Escape, The'})",frozenset({'Casablanca'}),0.03284072249589491,0.6060606060606061,4.613636363636363
"frozenset({'Great Escape, The'})",frozenset({'Pulp Fiction'}),0.03284072249589491,0.6060606060606061,1.5126676602086437
frozenset({'Donnie Darko'}),"frozenset({'Matrix, The'})",0.08374384236453201,0.6623376623376622,1.8169533169533167
frozenset({'Donnie Darko'}),frozenset({'Pulp Fiction'}),0.08210180623973727,0.6493506493506492,1.6207153502235465
frozenset({'Donnie Darko'}),frozenset({'Fight Club'}),0.09688013136288999,0.7662337662337663,2.6069070594210264
frozenset({'Slumdog Millionaire'}),frozenset({'Forrest Gump'}),0.05582922824302135,0.7391304347826086,1.8077527501309585
frozenset({'Slumdog Millionaire'}),"frozenset({'Matrix, The'})",0.052545155993431854,0.6956521739130435,1.90834312573443
frozenset({'Slumdog Millionaire'}),"frozenset({'Shawshank Redemption, The'})",0.05582922824302135,0.7391304347826086,1.642811805775944
frozenset({'Slumdog Millionaire'}),frozenset({'Fight Club'}),0.05090311986863711,0.6739130434782609,2.292810298761234
frozenset({'Million Dollar Baby'}),frozenset({'Pulp Fiction'}),0.04433497536945813,0.7297297297297297,1.8213336287106778
frozenset({'Million Dollar Baby'}),"frozenset({'Matrix, The'})",0.041050903119868636,0.6756756756756757,1.8535427319211102
frozenset({'Million Dollar Baby'}),frozenset({'Forrest Gump'}),0.03940886699507389,0.6486486486486487,1.5864539238033215
frozenset({'Million Dollar Baby'}),frozenset({'American Beauty'}),0.03776683087027915,0.6216216216216216,2.4905761024182076
frozenset({'Million Dollar Baby'}),"frozenset({'Silence of the Lambs, The'})",0.03776683087027915,0.6216216216216216,1.6825225225225224
frozenset({'Million Dollar Baby'}),"frozenset({'Shawshank Redemption, The'})",0.04433497536945813,0.7297297297297297,1.621917537975932
frozenset({'Serenity'}),"frozenset({'Matrix, The'})",0.04597701149425287,0.8235294117647058,2.259141494435612
frozenset({'Serenity'}),frozenset({'Star Wars: Episode IV - A New Hope'}),0.04433497536945813,0.7941176470588235,2.4060579455662863
frozenset({'Serenity'}),frozenset({'Star Wars: Episode V - The Empire Strikes Back'}),0.041050903119868636,0.7352941176470588,2.665441176470588
frozenset({'Serenity'}),frozenset({'Star Wars: Episode VI - Return of the Jedi'}),0.0361247947454844,0.6470588235294117,2.6270588235294112
frozenset({'Serenity'}),"frozenset({'Lord of the Rings: The Return of the King, The'})",0.03940886699507389,0.7058823529411765,3.070588235294118
frozenset({'Serenity'}),frozenset({'Fight Club'}),0.034482758620689655,0.6176470588235294,2.101380216891226
frozenset({'Serenity'}),"frozenset({'Lord of the Rings: The Fellowship of the Ring, The'})",0.0361247947454844,0.6470588235294117,2.699033037872683
frozenset({'Serenity'}),"frozenset({'Lord of the Rings: The Two Towers, The'})",0.034482758620689655,0.6176470588235294,2.871351594072744
frozenset({'American Psycho'}),"frozenset({'Matrix, The'})",0.04433497536945813,0.7941176470588235,2.17845786963434
frozenset({'American Psycho'}),frozenset({'Pulp Fiction'}),0.04433497536945813,0.7941176470588235,1.9820395371263257
frozenset({'American Psycho'}),"frozenset({'Godfather, The'})",0.042692939244663386,0.7647058823529412,2.947505584512286
frozenset({'American Psycho'}),frozenset({'Goodfellas'}),0.03776683087027915,0.6764705882352942,3.999714448886351
frozenset({'American Psycho'}),"frozenset({'Godfather: Part II, The'})",0.0361247947454844,0.6470588235294117,3.68279274326553
frozenset({'American Psycho'}),frozenset({'Forrest Gump'}),0.034482758620689655,0.6176470588235294,1.5106307583274274
frozenset({'American Psycho'}),"frozenset({'Silence of the Lambs, The'})",0.03940886699507389,0.7058823529411765,1.9105882352941177
frozenset({'American Psycho'}),"frozenset({'Usual Suspects, The'})",0.03776683087027915,0.6764705882352942,2.527426921688921
frozenset({'American Psycho'}),frozenset({'Reservoir Dogs'}),0.0361247947454844,0.6470588235294117,3.717536071032186
frozenset({'American Psycho'}),frozenset({'Seven (a.k.a. Se7en)'}),0.034482758620689655,0.6176470588235294,2.686764705882353
frozenset({'American Psycho'}),frozenset({'Saving Private Ryan'}),0.034482758620689655,0.6176470588235294,2.667709637046308
frozenset({'American Psycho'}),frozenset({'Fight Club'}),0.04926108374384237,0.8823529411764706,3.001971738416037
frozenset({'American Psycho'}),frozenset({'Memento'}),0.03776683087027915,0.6764705882352942,3.376808100289296
frozenset({'Blood Diamond'}),frozenset({'Forrest Gump'}),0.04597701149425287,0.8235294117647058,2.0141743444365696
frozenset({'Blood Diamond'}),"frozenset({'Matrix, The'})",0.03940886699507389,0.7058823529411765,1.9364069952305247
frozenset({'Blood Diamond'}),frozenset({'Pulp Fiction'}),0.03776683087027915,0.6764705882352942,1.688404050144648
frozenset({'Blood Diamond'}),"frozenset({'Godfather, The'})",0.0361247947454844,0.6470588235294117,2.4940431868950106
frozenset({'Blood Diamond'}),frozenset({'Gladiator'}),0.034482758620689655,0.6176470588235294,3.1876869391824525
frozenset({'Blood Diamond'}),frozenset({'Fight Club'}),0.047619047619047616,0.8529411764705882,2.901906013802169
frozenset({'Blood Diamond'}),frozenset({'Catch Me If You Can'}),0.0361247947454844,0.6470588235294117,5.325119236883942
frozenset({'Blood Diamond'}),"frozenset({'Shawshank Redemption, The'})",0.04433497536945813,0.7941176470588235,1.7650279089738083
frozenset({'Blood Diamond'}),"frozenset({'Departed, The'})",0.03940886699507389,0.7058823529411765,4.776470588235294
frozenset({'Blood Diamond'}),"frozenset({'Lord of the Rings: The Return of the King, The'})",0.034482758620689655,0.6176470588235294,2.686764705882353
frozenset({'Black Hawk Down'}),"frozenset({'Matrix, The'})",0.03940886699507389,0.75,2.0574324324324325
frozenset({'Black Hawk Down'}),"frozenset({'Godfather, The'})",0.03776683087027915,0.7187500000000001,2.770371835443038
frozenset({'Black Hawk Down'}),frozenset({'Pulp Fiction'}),0.03776683087027915,0.7187500000000001,1.7939293032786887
frozenset({'Black Hawk Down'}),frozenset({'Gladiator'}),0.0361247947454844,0.6875,3.548199152542373
frozenset({'Black Hawk Down'}),frozenset({'Star Wars: Episode IV - A New Hope'}),0.034482758620689655,0.65625,1.988339552238806
frozenset({'Black Hawk Down'}),frozenset({'Forrest Gump'}),0.034482758620689655,0.65625,1.6050451807228916
frozenset({'Black Hawk Down'}),frozenset({'Goodfellas'}),0.03284072249589491,0.625,3.6953883495145634
frozenset({'Black Hawk Down'}),frozenset({'Saving Private Ryan'}),0.03940886699507389,0.75,3.2393617021276597
frozenset({'Black Hawk Down'}),"frozenset({'Lord of the Rings: The Return of the King, The'})",0.0361247947454844,0.6875,2.990625
frozenset({'Black Hawk Down'}),frozenset({'Fight Club'}),0.034482758620689655,0.65625,2.2327164804469275
frozenset({'Hotel Rwanda'}),frozenset({'Pulp Fiction'}),0.03940886699507389,0.7741935483870968,1.9323109465891062
frozenset({'Hotel Rwanda'}),"frozenset({'Matrix, The'})",0.03776683087027915,0.7419354838709677,2.0353095030514385
frozenset({'Hotel Rwanda'}),frozenset({'Forrest Gump'}),0.0361247947454844,0.7096774193548386,1.7357170617955693
frozenset({'Hotel Rwanda'}),"frozenset({'Godfather, The'})",0.03284072249589491,0.6451612903225806,2.4867292772560226
frozenset({'Hotel Rwanda'}),"frozenset({'Shawshank Redemption, The'})",0.041050903119868636,0.8064516129032258,1.7924417235695784
frozenset({'Hotel Rwanda'}),frozenset({'Fight Club'}),0.03940886699507389,0.7741935483870968,2.633988105965039
frozenset({'Hotel Rwanda'}),"frozenset({'Lord of the Rings: The Return of the King, The'})",0.03284072249589491,0.6451612903225806,2.806451612903226
frozenset({'Hotel Rwanda'}),"frozenset({""Amelie (Fabuleux destin d'Amélie Poulain, Le)""})",0.031198686371100164,0.6129032258064516,3.9290322580645163
frozenset({'Hotel Rwanda'}),frozenset({'Eternal Sunshine of the Spotless Mind'}),0.031198686371100164,0.6129032258064516,3.554838709677419
frozenset({'Hotel Rwanda'}),"frozenset({'Usual Suspects, The'})",0.031198686371100164,0.6129032258064516,2.2899267761725706
frozenset({'Hotel Rwanda'}),"frozenset({""Schindler's List""})",0.03284072249589491,0.6451612903225806,2.2451612903225806
frozenset({'Pi'}),frozenset({'Star Wars: Episode IV - A New Hope'}),0.041050903119868636,0.8333333333333333,2.5248756218905473
frozenset({'Pi'}),"frozenset({'Matrix, The'})",0.041050903119868636,0.8333333333333333,2.2860360360360357
frozenset({'Pi'}),frozenset({'Star Wars: Episode V - The Empire Strikes Back'}),0.03940886699507389,0.7999999999999999,2.9
frozenset({'Pi'}),frozenset({'Pulp Fiction'}),0.03776683087027915,0.7666666666666667,1.9135245901639346
frozenset({'Pi'}),frozenset({'Terminator 2: Judgment Day'}),0.0361247947454844,0.7333333333333333,2.977333333333333
frozenset({'Pi'}),"frozenset({'Godfather, The'})",0.034482758620689655,0.7,2.6981012658227845
frozenset({'Pi'}),frozenset({'Aliens'}),0.031198686371100164,0.6333333333333333,4.537647058823529
frozenset({'Pi'}),frozenset({'Star Wars: Episode VI - Return of the Jedi'}),0.031198686371100164,0.6333333333333333,2.571333333333333
frozenset({'Pi'}),frozenset({'Goodfellas'}),0.029556650246305417,0.6,3.5475728155339805
frozenset({'Pi'}),"frozenset({'Godfather: Part II, The'})",0.029556650246305417,0.6,3.414953271028037
frozenset({'Pi'}),frozenset({'American Beauty'}),0.029556650246305417,0.6,2.4039473684210524
frozenset({'Pi'}),frozenset({'Reservoir Dogs'}),0.0361247947454844,0.7333333333333333,4.2132075471698105
frozenset({'Pi'}),"frozenset({'Silence of the Lambs, The'})",0.0361247947454844,0.7333333333333333,1.9848888888888887
frozenset({'Pi'}),frozenset({'Alien'}),0.034482758620689655,0.7,3.875454545454545
frozenset({'Pi'}),frozenset({'Fargo'}),0.03284072249589491,0.6666666666666666,2.963503649635036
frozenset({'Pi'}),frozenset({'Monty Python and the Holy Grail'}),0.031198686371100164,0.6333333333333333,3.8188118811881187
frozenset({'Pi'}),frozenset({'Being John Malkovich'}),0.029556650246305417,0.6,5.22
frozenset({'Pi'}),"frozenset({'Usual Suspects, The'})",0.029556650246305417,0.6,2.241717791411043
frozenset({'Pi'}),frozenset({'Twelve Monkeys (a.k.a. 12 Monkeys)'}),0.03284072249589491,0.6666666666666666,3.4406779661016946
frozenset({'Pi'}),frozenset({'Fight Club'}),0.03284072249589491,0.6666666666666666,2.2681564245810057
"frozenset({""It's a Wonderful Life""})","frozenset({'Shawshank Redemption, The'})",0.054187192118226604,0.7674418604651163,1.705737565778306
"frozenset({""It's a Wonderful Life""})","frozenset({'Godfather, The'})",0.04926108374384237,0.6976744186046512,2.6891374742419782
"frozenset({""It's a Wonderful Life""})",frozenset({'Monty Python and the Holy Grail'}),0.042692939244663386,0.6046511627906977,3.645866912272623
"frozenset({""It's a Wonderful Life""})",frozenset({'Star Wars: Episode V - The Empire Strikes Back'}),0.042692939244663386,0.6046511627906977,2.1918604651162794
"frozenset({""It's a Wonderful Life""})",frozenset({'Star Wars: Episode IV - A New Hope'}),0.042692939244663386,0.6046511627906977,1.8320027768136067
"frozenset({""It's a Wonderful Life""})","frozenset({'Silence of the Lambs, The'})",0.042692939244663386,0.6046511627906977,1.636589147286822
"frozenset({""It's a Wonderful Life""})",frozenset({'Casablanca'}),0.04433497536945813,0.627906976744186,4.779941860465116
frozenset({'Children of Men'}),"frozenset({'Shawshank Redemption, The'})",0.052545155993431854,0.7619047619047619,1.6934306569343065
frozenset({'Children of Men'}),frozenset({'Forrest Gump'}),0.04597701149425287,0.6666666666666666,1.6305220883534135
frozenset({'Children of Men'}),"frozenset({'Departed, The'})",0.04433497536945813,0.6428571428571429,4.35
frozenset({'Children of Men'}),frozenset({'Pulp Fiction'}),0.047619047619047616,0.6904761904761905,1.7233606557377048
frozenset({'Children of Men'}),frozenset({'Fight Club'}),0.04597701149425287,0.6666666666666666,2.2681564245810057
frozenset({'Children of Men'}),"frozenset({'Lord of the Rings: The Return of the King, The'})",0.04433497536945813,0.6428571428571429,2.7964285714285717
frozenset({'Children of Men'}),"frozenset({'Lord of the Rings: The Fellowship of the Ring, The'})",0.042692939244663386,0.6190476190476191,2.5821917808219177
frozenset({'Children of Men'}),frozenset({'Memento'}),0.04433497536945813,0.6428571428571429,3.209016393442623
frozenset({'Children of Men'}),"frozenset({'Matrix, The'})",0.04926108374384237,0.7142857142857143,1.9594594594594594
frozenset({'28 Days Later'}),"frozenset({'Shawshank Redemption, The'})",0.04433497536945813,0.675,1.5002737226277374
frozenset({'28 Days Later'}),"frozenset({'Departed, The'})",0.041050903119868636,0.625,4.229166666666666
frozenset({'28 Days Later'}),"frozenset({'Silence of the Lambs, The'})",0.04597701149425287,0.7,1.8946666666666665
frozenset({'28 Days Later'}),frozenset({'Donnie Darko'}),0.04433497536945813,0.675,5.338636363636364
frozenset({'28 Days Later'}),frozenset({'Alien'}),0.04433497536945813,0.675,3.737045454545455
frozenset({'28 Days Later'}),frozenset({'Star Wars: Episode IV - A New Hope'}),0.042692939244663386,0.65,1.969402985074627
frozenset({'28 Days Later'}),frozenset({'Star Wars: Episode V - The Empire Strikes Back'}),0.03940886699507389,0.6,2.175
frozenset({'28 Days Later'}),"frozenset({'Lord of the Rings: The Two Towers, The'})",0.041050903119868636,0.625,2.905534351145038
frozenset({'28 Days Later'}),"frozenset({'Lord of the Rings: The Return of the King, The'})",0.041050903119868636,0.625,2.71875
frozenset({'28 Days Later'}),frozenset({'Fight Club'}),0.04597701149425287,0.7,2.381564245810056
frozenset({'28 Days Later'}),frozenset({'Seven (a.k.a. Se7en)'}),0.042692939244663386,0.65,2.8275
frozenset({'28 Days Later'}),frozenset({'Pulp Fiction'}),0.041050903119868636,0.625,1.5599385245901638
frozenset({'28 Days Later'}),"frozenset({'Matrix, The'})",0.04597701149425287,0.7,1.92027027027027
frozenset({'Lawrence of Arabia'}),frozenset({'Apocalypse Now'}),0.042692939244663386,0.7222222222222223,5.497916666666667
frozenset({'Lawrence of Arabia'}),"frozenset({'Godfather, The'})",0.042692939244663386,0.7222222222222223,2.7837552742616034
frozenset({'Lawrence of Arabia'}),frozenset({'Dr. Strangelove or: How I Learned to Stop Worrying and Love the Bomb'}),0.041050903119868636,0.6944444444444444,5.422008547008546
frozenset({'Lawrence of Arabia'}),frozenset({'Raiders of the Lost Ark (Indiana Jones and the Raiders of the Lost Ark)'}),0.03940886699507389,0.6666666666666667,2.49079754601227
frozenset({'Lawrence of Arabia'}),frozenset({'2001: A Space Odyssey'}),0.03776683087027915,0.638888888888889,5.11951754385965
frozenset({'Lawrence of Arabia'}),frozenset({'Monty Python and the Holy Grail'}),0.03776683087027915,0.638888888888889,3.852310231023103
frozenset({'Lawrence of Arabia'}),frozenset({'Pulp Fiction'}),0.042692939244663386,0.7222222222222223,1.8025956284153009
frozenset({'Lawrence of Arabia'}),frozenset({'Fargo'}),0.041050903119868636,0.6944444444444444,3.0869829683698295
frozenset({'Lawrence of Arabia'}),frozenset({'Blade Runner'}),0.03776683087027915,0.638888888888889,4.421401515151516
frozenset({'Lawrence of Arabia'}),frozenset({'Star Wars: Episode IV - A New Hope'}),0.042692939244663386,0.7222222222222223,2.188225538971808
frozenset({'Lawrence of Arabia'}),frozenset({'Star Wars: Episode V - The Empire Strikes Back'}),0.03940886699507389,0.6666666666666667,2.416666666666667
frozenset({'Lawrence of Arabia'}),frozenset({'Casablanca'}),0.0361247947454844,0.611111111111111,4.652083333333333
frozenset({'Lawrence of Arabia'}),frozenset({'Groundhog Day'}),0.0361247947454844,0.611111111111111,3.8367697594501715
frozenset({'Lawrence of Arabia'}),"frozenset({""Schindler's List""})",0.0361247947454844,0.611111111111111,2.1266666666666665
frozenset({'Lawrence of Arabia'}),"frozenset({'Silence of the Lambs, The'})",0.0361247947454844,0.611111111111111,1.654074074074074
frozenset({'Lawrence of Arabia'}),frozenset({'Alien'}),0.03940886699507389,0.6666666666666667,3.6909090909090914
frozenset({'Glory'}),"frozenset({'Godfather, The'})",0.03940886699507389,0.7058823529411765,2.7207743857036486
frozenset({'Glory'}),frozenset({'Monty Python and the Holy Grail'}),0.0361247947454844,0.6470588235294117,3.9015725101921954
frozenset({'Glory'}),frozenset({'Saving Private Ryan'}),0.0361247947454844,0.6470588235294117,2.794743429286608
frozenset({'Glory'}),frozenset({'Raiders of the Lost Ark (Indiana Jones and the Raiders of the Lost Ark)'}),0.0361247947454844,0.6470588235294117,2.4175387946589675
frozenset({'Glory'}),frozenset({'Goodfellas'}),0.034482758620689655,0.6176470588235294,3.651913192461451
frozenset({'Glory'}),frozenset({'Star Wars: Episode IV - A New Hope'}),0.041050903119868636,0.7352941176470588,2.2278314310798946
frozenset({'Glory'}),frozenset({'Star Wars: Episode V - The Empire Strikes Back'}),0.03940886699507389,0.7058823529411765,2.558823529411765
frozenset({'Glory'}),"frozenset({'Princess Bride, The'})",0.03776683087027915,0.6764705882352942,3.7795466810577443
frozenset({'Glory'}),"frozenset({'Silence of the Lambs, The'})",0.03776683087027915,0.6764705882352942,1.8309803921568628
frozenset({'Glory'}),frozenset({'Pulp Fiction'}),0.03776683087027915,0.6764705882352942,1.688404050144648
frozenset({'Glory'}),frozenset({'Fargo'}),0.03776683087027915,0.6764705882352942,3.007084585659081
frozenset({'Mars Attacks!'}),frozenset({'Star Wars: Episode V - The Empire Strikes Back'}),0.03940886699507389,0.7741935483870968,2.806451612903226
frozenset({'Mars Attacks!'}),frozenset({'Alien'}),0.031198686371100164,0.6129032258064516,3.393255131964809
frozenset({'Mars Attacks!'}),frozenset({'Toy Story'}),0.031198686371100164,0.6129032258064516,2.539170506912442
frozenset({'Mars Attacks!'}),frozenset({'Star Wars: Episode IV - A New Hope'}),0.03940886699507389,0.7741935483870968,2.3456909003370248
frozenset({'Mars Attacks!'}),"frozenset({'Silence of the Lambs, The'})",0.034482758620689655,0.6774193548387096,1.8335483870967741
frozenset({'Mars Attacks!'}),frozenset({'Twelve Monkeys (a.k.a. 12 Monkeys)'}),0.03284072249589491,0.6451612903225806,3.3296883542919624
frozenset({'Mars Attacks!'}),frozenset({'Pulp Fiction'}),0.03284072249589491,0.6451612903225806,1.6102591221575886
frozenset({'Mars Attacks!'}),frozenset({'Fargo'}),0.031198686371100164,0.6129032258064516,2.724511419825759
frozenset({'Mars Attacks!'}),frozenset({'Star Wars: Episode VI - Return of the Jedi'}),0.031198686371100164,0.6129032258064516,2.4883870967741935
frozenset({'Jerry Maguire'}),frozenset({'Star Wars: Episode IV - A New Hope'}),0.05090311986863711,0.7380952380952381,2.236318407960199
frozenset({'Jerry Maguire'}),frozenset({'Star Wars: Episode VI - Return of the Jedi'}),0.047619047619047616,0.6904761904761905,2.8033333333333332
frozenset({'Jerry Maguire'}),"frozenset({'Matrix, The'})",0.042692939244663386,0.6190476190476191,1.6981981981981982
frozenset({'Much Ado About Nothing'}),"frozenset({'Usual Suspects, The'})",0.034482758620689655,0.7,2.615337423312883
frozenset({'Much Ado About Nothing'}),frozenset({'Pulp Fiction'}),0.03284072249589491,0.6666666666666666,1.6639344262295082
"frozenset({'Truman Show, The'})","frozenset({'Matrix, The'})",0.09195402298850575,0.7179487179487178,1.9695079695079691
"frozenset({'Truman Show, The'})","frozenset({'Shawshank Redemption, The'})",0.08866995073891626,0.6923076923076923,1.538742279618192
"frozenset({'Truman Show, The'})",frozenset({'Forrest Gump'}),0.08374384236453201,0.6538461538461537,1.599165894346617
"frozenset({'Truman Show, The'})",frozenset({'Pulp Fiction'}),0.08210180623973727,0.641025641025641,1.5999369482976038
"frozenset({'Truman Show, The'})","frozenset({'Silence of the Lambs, The'})",0.07881773399014778,0.6153846153846153,1.6656410256410255
"frozenset({'Italian Job, The'})",frozenset({'Fight Club'}),0.034482758620689655,0.6774193548387096,2.3047395927194088
"frozenset({'Italian Job, The'})","frozenset({'Shawshank Redemption, The'})",0.034482758620689655,0.6774193548387096,1.505651047798446
"frozenset({'Italian Job, The'})",frozenset({'Forrest Gump'}),0.03284072249589491,0.6451612903225806,1.5779246016323358
"frozenset({'Italian Job, The'})","frozenset({'Matrix, The'})",0.0361247947454844,0.7096774193548386,1.9468177855274627
"frozenset({'Italian Job, The'})",frozenset({'Good Will Hunting'}),0.034482758620689655,0.6774193548387096,4.005324146570623
"frozenset({'Italian Job, The'})","frozenset({'Bourne Identity, The'})",0.03284072249589491,0.6451612903225806,5.169779286926995
"frozenset({'Italian Job, The'})","frozenset({""Ocean's Eleven""})",0.031198686371100164,0.6129032258064516,4.665725806451613
frozenset({'Quiz Show'}),frozenset({'Apollo 13'}),0.03776683087027915,0.6052631578947368,2.902403646912557
frozenset({'Quiz Show'}),"frozenset({'Shawshank Redemption, The'})",0.052545155993431854,0.8421052631578947,1.8716865155589704
frozenset({'Quiz Show'}),"frozenset({'Fugitive, The'})",0.041050903119868636,0.6578947368421052,2.924510180560891
frozenset({'Quiz Show'}),"frozenset({""Schindler's List""})",0.03940886699507389,0.631578947368421,2.1978947368421053
frozenset({'Quiz Show'}),frozenset({'Pulp Fiction'}),0.04597701149425287,0.7368421052631579,1.8390854184641932
frozenset({'Quiz Show'}),"frozenset({'Silence of the Lambs, The'})",0.03940886699507389,0.631578947368421,1.7094736842105263
frozenset({'Ace Ventura: Pet Detective'}),frozenset({'Pulp Fiction'}),0.05090311986863711,0.6888888888888888,1.7193989071038247
frozenset({'Ace Ventura: Pet Detective'}),frozenset({'Aladdin'}),0.04433497536945813,0.6,3.2336283185840706
frozenset({'Crimson Tide'}),"frozenset({'Fugitive, The'})",0.06732348111658457,0.7192982456140351,3.197464464079908
frozenset({'Crimson Tide'}),frozenset({'Braveheart'}),0.060755336617405585,0.6491228070175439,2.38142041851617
frozenset({'Jaws'}),frozenset({'Star Wars: Episode IV - A New Hope'}),0.0722495894909688,0.7457627118644067,2.25954970908171
frozenset({'Jaws'}),frozenset({'Raiders of the Lost Ark (Indiana Jones and the Raiders of the Lost Ark)'}),0.06568144499178982,0.6779661016949152,2.5330144535717998
frozenset({'Jaws'}),frozenset({'Star Wars: Episode V - The Empire Strikes Back'}),0.06403940886699508,0.6610169491525424,2.3961864406779663
frozenset({'Jaws'}),"frozenset({'Godfather, The'})",0.06239737274220033,0.6440677966101694,2.482514481870843
frozenset({'Jaws'}),frozenset({'Alien'}),0.060755336617405585,0.6271186440677966,3.4719568567026196
frozenset({'Jaws'}),"frozenset({'Silence of the Lambs, The'})",0.060755336617405585,0.6271186440677966,1.6974011299435028
frozenset({'Jaws'}),frozenset({'Saving Private Ryan'}),0.059113300492610835,0.6101694915254237,2.6354129102055532
frozenset({'High Fidelity'}),frozenset({'Pulp Fiction'}),0.05747126436781609,0.7954545454545455,1.9853763040238452
frozenset({'High Fidelity'}),"frozenset({'Matrix, The'})",0.05090311986863711,0.7045454545454546,1.9327395577395579
frozenset({'High Fidelity'}),"frozenset({'Usual Suspects, The'})",0.04926108374384237,0.6818181818181819,2.5474065811489126
frozenset({'High Fidelity'}),frozenset({'American Beauty'}),0.04597701149425287,0.6363636363636364,2.549641148325359
frozenset({'High Fidelity'}),frozenset({'Reservoir Dogs'}),0.04433497536945813,0.6136363636363636,3.5255145797598626
frozenset({'High Fidelity'}),frozenset({'Fight Club'}),0.04926108374384237,0.6818181818181819,2.3197054342305745
frozenset({'Raising Arizona'}),frozenset({'Fargo'}),0.04926108374384237,0.7317073170731707,3.2526259569165035
frozenset({'Raising Arizona'}),frozenset({'Star Wars: Episode IV - A New Hope'}),0.04926108374384237,0.7317073170731707,2.216963960684383
frozenset({'Raising Arizona'}),frozenset({'Pulp Fiction'}),0.04926108374384237,0.7317073170731707,1.8262694922031186
frozenset({'Raising Arizona'}),frozenset({'Monty Python and the Holy Grail'}),0.047619047619047616,0.7073170731707317,4.264911857039363
frozenset({'Raising Arizona'}),"frozenset({'Godfather, The'})",0.047619047619047616,0.7073170731707317,2.7263044149428834
frozenset({'Raising Arizona'}),"frozenset({'Silence of the Lambs, The'})",0.047619047619047616,0.7073170731707317,1.914471544715447
frozenset({'Raising Arizona'}),frozenset({'Star Wars: Episode V - The Empire Strikes Back'}),0.04597701149425287,0.6829268292682926,2.475609756097561
frozenset({'Raising Arizona'}),frozenset({'Raiders of the Lost Ark (Indiana Jones and the Raiders of the Lost Ark)'}),0.04433497536945813,0.6585365853658537,2.460421966182852
frozenset({'Raising Arizona'}),"frozenset({'Princess Bride, The'})",0.042692939244663386,0.6341463414634146,3.5430745133139405
frozenset({'Raising Arizona'}),frozenset({'Goodfellas'}),0.041050903119868636,0.6097560975609756,3.6052569263556715
frozenset({'Raising Arizona'}),frozenset({'American Beauty'}),0.041050903119868636,0.6097560975609756,2.4430359435173297
frozenset({'Raising Arizona'}),"frozenset({'Usual Suspects, The'})",0.041050903119868636,0.6097560975609756,2.2781684872063446
frozenset({'Raising Arizona'}),"frozenset({'Matrix, The'})",0.041050903119868636,0.6097560975609756,1.6727092946605142
frozenset({'Raising Arizona'}),frozenset({'Groundhog Day'}),0.04433497536945813,0.6585365853658537,4.134523510183556
frozenset({'Army of Darkness'}),frozenset({'Star Wars: Episode V - The Empire Strikes Back'}),0.03776683087027915,0.6571428571428571,2.382142857142857
frozenset({'Army of Darkness'}),frozenset({'Pulp Fiction'}),0.03776683087027915,0.6571428571428571,1.6401639344262295
frozenset({'Army of Darkness'}),frozenset({'Aliens'}),0.0361247947454844,0.6285714285714286,4.503529411764706
frozenset({'Army of Darkness'}),frozenset({'Alien'}),0.0361247947454844,0.6285714285714286,3.48
frozenset({'Army of Darkness'}),frozenset({'Terminator 2: Judgment Day'}),0.0361247947454844,0.6285714285714286,2.552
frozenset({'Army of Darkness'}),"frozenset({'Matrix, The'})",0.0361247947454844,0.6285714285714286,1.7243243243243243
frozenset({'Army of Darkness'}),"frozenset({'Silence of the Lambs, The'})",0.0361247947454844,0.6285714285714286,1.7013333333333334
frozenset({'Little Miss Sunshine'}),frozenset({'Fight Club'}),0.05582922824302135,0.68,2.3135195530726262
frozenset({'Little Miss Sunshine'}),frozenset({'Pulp Fiction'}),0.05582922824302135,0.68,1.6972131147540985
frozenset({'Little Miss Sunshine'}),frozenset({'Eternal Sunshine of the Spotless Mind'}),0.052545155993431854,0.64,3.7119999999999997
frozenset({'Little Miss Sunshine'}),frozenset({'Forrest Gump'}),0.05090311986863711,0.62,1.5163855421686747
frozenset({'Cast Away'}),frozenset({'Fight Club'}),0.047619047619047616,0.6170212765957446,2.0992511589207177
frozenset({'Cast Away'}),"frozenset({'Matrix, The'})",0.05582922824302135,0.7234042553191489,1.9844738355376652
frozenset({'Cast Away'}),"frozenset({'Shawshank Redemption, The'})",0.05582922824302135,0.7234042553191489,1.60785836309986
frozenset({'Cast Away'}),frozenset({'Forrest Gump'}),0.04926108374384237,0.6382978723404256,1.561138169700077
frozenset({'Cast Away'}),frozenset({'Saving Private Ryan'}),0.047619047619047616,0.6170212765957446,2.665006790402897
frozenset({'Ratatouille'}),frozenset({'Finding Nemo'}),0.04433497536945813,0.6136363636363636,3.9337320574162677
frozenset({'Ratatouille'}),"frozenset({'Matrix, The'})",0.047619047619047616,0.6590909090909091,1.808046683046683
frozenset({'Crash'}),frozenset({'Pulp Fiction'}),0.04597701149425287,0.7567567567567567,1.888790429774036
frozenset({'Crash'}),frozenset({'Fight Club'}),0.042692939244663386,0.7027027027027027,2.3907594745583576
frozenset({'Crash'}),frozenset({'American Beauty'}),0.03940886699507389,0.6486486486486487,2.5988620199146517
frozenset({'Crash'}),frozenset({'Forrest Gump'}),0.047619047619047616,0.7837837837837837,1.916965157929013
frozenset({'Crash'}),"frozenset({'Shawshank Redemption, The'})",0.042692939244663386,0.7027027027027027,1.5618465180508976
frozenset({'Crash'}),frozenset({'Star Wars: Episode V - The Empire Strikes Back'}),0.03940886699507389,0.6486486486486487,2.3513513513513513
frozenset({'Crash'}),"frozenset({'Matrix, The'})",0.03940886699507389,0.6486486486486487,1.779401022644266
frozenset({'Crash'}),"frozenset({'Lord of the Rings: The Return of the King, The'})",0.03776683087027915,0.6216216216216216,2.704054054054054
frozenset({'Crash'}),frozenset({'Star Wars: Episode VI - Return of the Jedi'}),0.03776683087027915,0.6216216216216216,2.5237837837837835
frozenset({'Crash'}),frozenset({'Star Wars: Episode IV - A New Hope'}),0.03776683087027915,0.6216216216216216,1.8834207341670028
frozenset({'Crash'}),"frozenset({""Schindler's List""})",0.03940886699507389,0.6486486486486487,2.2572972972972978
frozenset({'When Harry Met Sally...'}),"frozenset({'Silence of the Lambs, The'})",0.05090311986863711,0.6595744680851063,1.7852482269503545
frozenset({'When Harry Met Sally...'}),frozenset({'Pulp Fiction'}),0.05090311986863711,0.6595744680851063,1.6462329961632367
frozenset({'When Harry Met Sally...'}),frozenset({'Star Wars: Episode IV - A New Hope'}),0.04926108374384237,0.6382978723404256,1.9339472848523342
frozenset({'Caddyshack'}),frozenset({'Star Wars: Episode IV - A New Hope'}),0.041050903119868636,0.7575757575757575,2.295341474445952
frozenset({'Caddyshack'}),"frozenset({'Princess Bride, The'})",0.03776683087027915,0.696969696969697,3.8940783986655547
frozenset({'Caddyshack'}),"frozenset({""Ferris Bueller's Day Off""})",0.0361247947454844,0.6666666666666666,6.34375
frozenset({'Caddyshack'}),"frozenset({'Matrix, The'})",0.0361247947454844,0.6666666666666666,1.8288288288288288
frozenset({'Caddyshack'}),frozenset({'Saving Private Ryan'}),0.034482758620689655,0.6363636363636364,2.748549323017408
frozenset({'Caddyshack'}),frozenset({'Star Wars: Episode VI - Return of the Jedi'}),0.034482758620689655,0.6363636363636364,2.5836363636363635
frozenset({'Caddyshack'}),frozenset({'Forrest Gump'}),0.034482758620689655,0.6363636363636364,1.556407447973713
frozenset({'Caddyshack'}),"frozenset({'Silence of the Lambs, The'})",0.03284072249589491,0.6060606060606061,1.6404040404040405
frozenset({'Caddyshack'}),frozenset({'Raiders of the Lost Ark (Indiana Jones and the Raiders of the Lost Ark)'}),0.03776683087027915,0.696969696969697,2.604015616285555
frozenset({'Caddyshack'}),frozenset({'Star Wars: Episode V - The Empire Strikes Back'}),0.03776683087027915,0.696969696969697,2.526515151515152
frozenset({'Waterworld'}),frozenset({'Forrest Gump'}),0.03776683087027915,0.7419354838709677,1.8146132918771862
frozenset({'Waterworld'}),"frozenset({'Shawshank Redemption, The'})",0.034482758620689655,0.6774193548387096,1.505651047798446
frozenset({'Waterworld'}),frozenset({'Braveheart'}),0.03776683087027915,0.7419354838709677,2.7219199378157795
frozenset({'Waterworld'}),"frozenset({'Silence of the Lambs, The'})",0.034482758620689655,0.6774193548387096,1.8335483870967741
frozenset({'Waterworld'}),frozenset({'Pulp Fiction'}),0.03284072249589491,0.6451612903225806,1.6102591221575886
frozenset({'Starship Troopers'}),frozenset({'Star Wars: Episode IV - A New Hope'}),0.04433497536945813,0.7941176470588235,2.4060579455662863
frozenset({'Starship Troopers'}),frozenset({'Star Wars: Episode V - The Empire Strikes Back'}),0.042692939244663386,0.7647058823529412,2.772058823529412
frozenset({'Starship Troopers'}),"frozenset({'Matrix, The'})",0.042692939244663386,0.7647058823529412,2.0977742448330687
frozenset({'Starship Troopers'}),"frozenset({'Silence of the Lambs, The'})",0.042692939244663386,0.7647058823529412,2.0698039215686275
frozenset({'Starship Troopers'}),frozenset({'Star Wars: Episode VI - Return of the Jedi'}),0.041050903119868636,0.7352941176470588,2.9852941176470584
frozenset({'Starship Troopers'}),"frozenset({'Fifth Element, The'})",0.03776683087027915,0.6764705882352942,5.970588235294118
frozenset({'Starship Troopers'}),frozenset({'Gladiator'}),0.034482758620689655,0.6176470588235294,3.1876869391824525
frozenset({'Starship Troopers'}),frozenset({'Twelve Monkeys (a.k.a. 12 Monkeys)'}),0.034482758620689655,0.6176470588235294,3.1876869391824525
frozenset({'Starship Troopers'}),frozenset({'Saving Private Ryan'}),0.034482758620689655,0.6176470588235294,2.667709637046308
frozenset({'Starship Troopers'}),"frozenset({'Godfather, The'})",0.034482758620689655,0.6176470588235294,2.3806775874906925
frozenset({'Starship Troopers'}),frozenset({'Raiders of the Lost Ark (Indiana Jones and the Raiders of the Lost Ark)'}),0.034482758620689655,0.6176470588235294,2.307650667629015
frozenset({'Starship Troopers'}),frozenset({'Pulp Fiction'}),0.034482758620689655,0.6176470588235294,1.5415863066538091
frozenset({'Starship Troopers'}),frozenset({'Men in Black (a.k.a. MIB)'}),0.034482758620689655,0.6176470588235294,4.949303405572755
frozenset({'Moulin Rouge'}),frozenset({'Forrest Gump'}),0.03940886699507389,0.7741935483870968,1.893509521958803
frozenset({'Moulin Rouge'}),"frozenset({'Matrix, The'})",0.034482758620689655,0.6774193548387096,1.8583260680034872
frozenset({'Shaun of the Dead'}),frozenset({'Star Wars: Episode V - The Empire Strikes Back'}),0.06239737274220033,0.7169811320754716,2.599056603773585
frozenset({'Shaun of the Dead'}),frozenset({'Star Wars: Episode IV - A New Hope'}),0.060755336617405585,0.6981132075471698,2.115178822866798
frozenset({'Shaun of the Dead'}),"frozenset({'Silence of the Lambs, The'})",0.05747126436781609,0.660377358490566,1.7874213836477988
frozenset({'Shaun of the Dead'}),frozenset({'Fight Club'}),0.0722495894909688,0.830188679245283,2.8244966796669124
frozenset({'Shaun of the Dead'}),"frozenset({'Matrix, The'})",0.06568144499178982,0.7547169811320754,2.070372259051504
frozenset({'Shaun of the Dead'}),"frozenset({'Lord of the Rings: The Return of the King, The'})",0.059113300492610835,0.6792452830188679,2.9547169811320755
frozenset({'Shaun of the Dead'}),frozenset({'Star Wars: Episode VI - Return of the Jedi'}),0.05582922824302135,0.6415094339622641,2.604528301886792
frozenset({'Shaun of the Dead'}),frozenset({'Kill Bill: Vol. 1'}),0.052545155993431854,0.6037735849056604,4.178387650085764
frozenset({'Shaun of the Dead'}),frozenset({'Pulp Fiction'}),0.06403940886699508,0.7358490566037736,1.8366068666872875
frozenset({'Shaun of the Dead'}),"frozenset({'Lord of the Rings: The Fellowship of the Ring, The'})",0.059113300492610835,0.6792452830188679,2.833290255880072
frozenset({'Shaun of the Dead'}),frozenset({'Seven (a.k.a. Se7en)'}),0.05582922824302135,0.6415094339622641,2.7905660377358488
frozenset({'Shaun of the Dead'}),frozenset({'Memento'}),0.054187192118226604,0.6226415094339622,3.1081039282400247
frozenset({'Shaun of the Dead'}),"frozenset({'Lord of the Rings: The Two Towers, The'})",0.052545155993431854,0.6037735849056604,2.8068558260118106
frozenset({'Butch Cassidy and the Sundance Kid'}),frozenset({'Star Wars: Episode IV - A New Hope'}),0.04433497536945813,0.6428571428571429,1.947761194029851
frozenset({'Butch Cassidy and the Sundance Kid'}),"frozenset({'Silence of the Lambs, The'})",0.042692939244663386,0.6190476190476191,1.6755555555555557
frozenset({'Butch Cassidy and the Sundance Kid'}),"frozenset({'Godfather, The'})",0.04433497536945813,0.6428571428571429,2.4778481012658227
frozenset({'Butch Cassidy and the Sundance Kid'}),frozenset({'Raiders of the Lost Ark (Indiana Jones and the Raiders of the Lost Ark)'}),0.042692939244663386,0.6190476190476191,2.312883435582822
frozenset({'Butch Cassidy and the Sundance Kid'}),frozenset({'Pulp Fiction'}),0.042692939244663386,0.6190476190476191,1.5450819672131149
frozenset({'Harry Potter and the Order of the Phoenix'}),frozenset({'Harry Potter and the Chamber of Secrets'}),0.03940886699507389,0.6666666666666667,8.458333333333334
frozenset({'Harry Potter and the Order of the Phoenix'}),frozenset({'Star Wars: Episode IV - A New Hope'}),0.0361247947454844,0.611111111111111,1.851575456053068
frozenset({'Harry Potter and the Order of the Phoenix'}),frozenset({'Harry Potter and the Prisoner of Azkaban'}),0.04433497536945813,0.7500000000000001,7.4877049180327875
frozenset({'Harry Potter and the Half-Blood Prince'}),frozenset({'Harry Potter and the Order of the Phoenix'}),0.03776683087027915,0.6216216216216216,10.515765765765765
frozenset({'Harry Potter and the Order of the Phoenix'}),frozenset({'Harry Potter and the Half-Blood Prince'}),0.03776683087027915,0.638888888888889,10.515765765765767
frozenset({'Harry Potter and the Order of the Phoenix'}),frozenset({'Harry Potter and the Goblet of Fire'}),0.03776683087027915,0.638888888888889,9.976495726495727
frozenset({'Harry Potter and the Order of the Phoenix'}),"frozenset({'Lord of the Rings: The Two Towers, The'})",0.03776683087027915,0.638888888888889,2.970101781170484
frozenset({'Harry Potter and the Order of the Phoenix'}),"frozenset({""Harry Potter and the Sorcerer's Stone (a.k.a. Harry Potter and the Philosopher's Stone)""})",0.0361247947454844,0.611111111111111,6.416666666666666
frozenset({'Unbreakable'}),frozenset({'Star Wars: Episode V - The Empire Strikes Back'}),0.04433497536945813,0.7941176470588235,2.878676470588235
frozenset({'Unbreakable'}),"frozenset({'Sixth Sense, The'})",0.041050903119868636,0.7352941176470588,3.5823529411764703
frozenset({'Unbreakable'}),frozenset({'Star Wars: Episode IV - A New Hope'}),0.03940886699507389,0.7058823529411765,2.138718173836699
frozenset({'Unbreakable'}),"frozenset({'Silence of the Lambs, The'})",0.03940886699507389,0.7058823529411765,1.9105882352941177
frozenset({'Unbreakable'}),frozenset({'Terminator 2: Judgment Day'}),0.034482758620689655,0.6176470588235294,2.5076470588235296
frozenset({'Unbreakable'}),frozenset({'Pulp Fiction'}),0.04433497536945813,0.7941176470588235,1.9820395371263257
frozenset({'Unbreakable'}),"frozenset({'Matrix, The'})",0.03940886699507389,0.7058823529411765,1.9364069952305247
frozenset({'Unbreakable'}),frozenset({'Star Wars: Episode VI - Return of the Jedi'}),0.03776683087027915,0.6764705882352942,2.746470588235294
frozenset({'Unbreakable'}),"frozenset({'Shawshank Redemption, The'})",0.03776683087027915,0.6764705882352942,1.5035422928295405
frozenset({'Unbreakable'}),frozenset({'Saving Private Ryan'}),0.0361247947454844,0.6470588235294117,2.794743429286608
frozenset({'Unbreakable'}),"frozenset({'Lord of the Rings: The Fellowship of the Ring, The'})",0.0361247947454844,0.6470588235294117,2.699033037872683
frozenset({'Unbreakable'}),frozenset({'Fight Club'}),0.0361247947454844,0.6470588235294117,2.2014459415050935
frozenset({'Unbreakable'}),"frozenset({'Lord of the Rings: The Return of the King, The'})",0.034482758620689655,0.6176470588235294,2.686764705882353
frozenset({'Unbreakable'}),frozenset({'Seven (a.k.a. Se7en)'}),0.034482758620689655,0.6176470588235294,2.686764705882353
frozenset({'Unbreakable'}),frozenset({'Braveheart'}),0.034482758620689655,0.6176470588235294,2.265946137491141
frozenset({'Unbreakable'}),frozenset({'Forrest Gump'}),0.034482758620689655,0.6176470588235294,1.5106307583274274
frozenset({'Unbreakable'}),frozenset({'Memento'}),0.034482758620689655,0.6176470588235294,3.0831726133076183
frozenset({'Juno'}),frozenset({'Forrest Gump'}),0.03776683087027915,0.6764705882352942,1.654500354358611
"frozenset({'Exorcist, The'})",frozenset({'Alien'}),0.03940886699507389,0.7058823529411765,3.9080213903743317
"frozenset({'Exorcist, The'})",frozenset({'Star Wars: Episode IV - A New Hope'}),0.034482758620689655,0.6176470588235294,1.8713784021071116
"frozenset({'Exorcist, The'})","frozenset({'Silence of the Lambs, The'})",0.034482758620689655,0.6176470588235294,1.671764705882353
"frozenset({'Exorcist, The'})","frozenset({'Godfather, The'})",0.03940886699507389,0.7058823529411765,2.7207743857036486
"frozenset({'Exorcist, The'})",frozenset({'American Beauty'}),0.034482758620689655,0.6176470588235294,2.4746517027863777
frozenset({'Dark City'}),frozenset({'Alien'}),0.03940886699507389,0.7999999999999999,4.429090909090909
frozenset({'Dark City'}),frozenset({'Star Wars: Episode V - The Empire Strikes Back'}),0.034482758620689655,0.7,2.5375
frozenset({'Dark City'}),frozenset({'2001: A Space Odyssey'}),0.031198686371100164,0.6333333333333333,5.075
frozenset({'Dark City'}),frozenset({'Star Wars: Episode IV - A New Hope'}),0.031198686371100164,0.6333333333333333,1.918905472636816
frozenset({'Dark City'}),"frozenset({'Silence of the Lambs, The'})",0.031198686371100164,0.6333333333333333,1.714222222222222
frozenset({'Dark City'}),frozenset({'Terminator 2: Judgment Day'}),0.029556650246305417,0.6,2.436
frozenset({'Dark City'}),"frozenset({'Matrix, The'})",0.0361247947454844,0.7333333333333333,2.0117117117117114
frozenset({'Dark City'}),frozenset({'Blade Runner'}),0.03284072249589491,0.6666666666666666,4.613636363636363
frozenset({'Dark City'}),frozenset({'Reservoir Dogs'}),0.031198686371100164,0.6333333333333333,3.6386792452830186
frozenset({'Dark City'}),frozenset({'Pulp Fiction'}),0.031198686371100164,0.6333333333333333,1.5807377049180327
frozenset({'Dark City'}),frozenset({'Fargo'}),0.029556650246305417,0.6,2.667153284671533
frozenset({'Dark City'}),"frozenset({'Lord of the Rings: The Fellowship of the Ring, The'})",0.029556650246305417,0.6,2.502739726027397
frozenset({'Dark City'}),frozenset({'Star Wars: Episode VI - Return of the Jedi'}),0.034482758620689655,0.7,2.8419999999999996
frozenset({'Hot Fuzz'}),frozenset({'Fight Club'}),0.05582922824302135,0.8095238095238095,2.7541899441340787
frozenset({'Shaun of the Dead'}),frozenset({'Hot Fuzz'}),0.052545155993431854,0.6037735849056604,8.754716981132075
frozenset({'Hot Fuzz'}),frozenset({'Shaun of the Dead'}),0.052545155993431854,0.7619047619047619,8.754716981132075
frozenset({'Hot Fuzz'}),"frozenset({'Matrix, The'})",0.05090311986863711,0.7380952380952381,2.024774774774775
frozenset({'Hot Fuzz'}),"frozenset({'Shawshank Redemption, The'})",0.047619047619047616,0.6904761904761905,1.5346715328467153
frozenset({'Hot Fuzz'}),"frozenset({'Lord of the Rings: The Return of the King, The'})",0.04597701149425287,0.6666666666666666,2.9
frozenset({'Hot Fuzz'}),"frozenset({'Dark Knight, The'})",0.04433497536945813,0.6428571428571429,3.4955357142857144
frozenset({'Hot Fuzz'}),frozenset({'Star Wars: Episode V - The Empire Strikes Back'}),0.042692939244663386,0.6190476190476191,2.244047619047619
frozenset({'Hot Fuzz'}),frozenset({'Pulp Fiction'}),0.04926108374384237,0.7142857142857143,1.7827868852459017
frozenset({'Hot Fuzz'}),"frozenset({'Lord of the Rings: The Fellowship of the Ring, The'})",0.04597701149425287,0.6666666666666666,2.7808219178082187
frozenset({'Hot Fuzz'}),frozenset({'Raiders of the Lost Ark (Indiana Jones and the Raiders of the Lost Ark)'}),0.042692939244663386,0.6190476190476191,2.312883435582822
frozenset({'Hot Fuzz'}),"frozenset({'Silence of the Lambs, The'})",0.042692939244663386,0.6190476190476191,1.6755555555555557
"frozenset({'Hangover, The'})",frozenset({'Forrest Gump'}),0.054187192118226604,0.8048780487804879,1.9685571554510728
"frozenset({'Hangover, The'})",frozenset({'Inception'}),0.05090311986863711,0.7560975609756098,4.303396398449966
"frozenset({'Hangover, The'})","frozenset({'Shawshank Redemption, The'})",0.04926108374384237,0.7317073170731707,1.6263129784582517
"frozenset({'Hangover, The'})","frozenset({'Dark Knight, The'})",0.047619047619047616,0.7073170731707317,3.8460365853658534
"frozenset({'Hangover, The'})","frozenset({'Matrix, The'})",0.047619047619047616,0.7073170731707317,1.9403427818061962
"frozenset({'Hangover, The'})","frozenset({'Departed, The'})",0.04433497536945813,0.6585365853658537,4.45609756097561
"frozenset({'Hangover, The'})",frozenset({'Fight Club'}),0.04433497536945813,0.6585365853658537,2.2404959803787987
"frozenset({'Hangover, The'})",frozenset({'Pulp Fiction'}),0.04433497536945813,0.6585365853658537,1.643642542982807
"frozenset({'Hangover, The'})","frozenset({'Godfather, The'})",0.041050903119868636,0.6097560975609756,2.3502624266748993
frozenset({'How to Train Your Dragon'}),"frozenset({'Matrix, The'})",0.041050903119868636,0.7142857142857143,1.9594594594594594
frozenset({'How to Train Your Dragon'}),frozenset({'Inception'}),0.034482758620689655,0.6,3.414953271028037
frozenset({'How to Train Your Dragon'}),"frozenset({'Lord of the Rings: The Fellowship of the Ring, The'})",0.034482758620689655,0.6,2.502739726027397
frozenset({'Zombieland'}),"frozenset({'Shawshank Redemption, The'})",0.042692939244663386,0.7647058823529412,1.6996565049377417
frozenset({'Zombieland'}),frozenset({'Star Wars: Episode V - The Empire Strikes Back'}),0.03940886699507389,0.7058823529411765,2.558823529411765
frozenset({'Zombieland'}),frozenset({'Fight Club'}),0.03940886699507389,0.7058823529411765,2.4015773907328297
frozenset({'Zombieland'}),frozenset({'Star Wars: Episode IV - A New Hope'}),0.03940886699507389,0.7058823529411765,2.138718173836699
frozenset({'Zombieland'}),"frozenset({'Dark Knight, The'})",0.03776683087027915,0.6764705882352942,3.678308823529412
frozenset({'Zombieland'}),frozenset({'Star Wars: Episode VI - Return of the Jedi'}),0.03776683087027915,0.6764705882352942,2.746470588235294
frozenset({'Zombieland'}),"frozenset({'Matrix, The'})",0.03776683087027915,0.6764705882352942,1.8557233704292528
frozenset({'Zombieland'}),frozenset({'Inception'}),0.0361247947454844,0.6470588235294117,3.68279274326553
frozenset({'Zombieland'}),frozenset({'Pulp Fiction'}),0.03776683087027915,0.6764705882352942,1.688404050144648
frozenset({'Zombieland'}),frozenset({'Inglourious Basterds'}),0.034482758620689655,0.6176470588235294,5.531574394463668
frozenset({'Zombieland'}),"frozenset({'Silence of the Lambs, The'})",0.0361247947454844,0.6470588235294117,1.7513725490196077
frozenset({'Superbad'}),frozenset({'Fight Club'}),0.047619047619047616,0.8787878787878787,2.989842559674962
frozenset({'Superbad'}),"frozenset({'Departed, The'})",0.041050903119868636,0.7575757575757575,5.126262626262625
frozenset({'Superbad'}),"frozenset({'Matrix, The'})",0.03940886699507389,0.7272727272727273,1.9950859950859952
frozenset({'Superbad'}),"frozenset({'Dark Knight, The'})",0.0361247947454844,0.6666666666666666,3.625
frozenset({'Superbad'}),frozenset({'Forrest Gump'}),0.034482758620689655,0.6363636363636364,1.556407447973713
frozenset({'Superbad'}),frozenset({'Inception'}),0.03284072249589491,0.6060606060606061,3.449447748513169
frozenset({'Superbad'}),frozenset({'Pulp Fiction'}),0.03940886699507389,0.7272727272727273,1.8152011922503726
frozenset({'Sin City'}),frozenset({'Pulp Fiction'}),0.0755336617405583,0.8679245283018868,2.166254253015775
frozenset({'Sin City'}),"frozenset({'Matrix, The'})",0.07389162561576355,0.8490566037735849,2.3291687914329424
frozenset({'Sin City'}),frozenset({'Fight Club'}),0.07060755336617405,0.8113207547169811,2.7603035733108463
frozenset({'Sin City'}),frozenset({'Kill Bill: Vol. 1'}),0.06403940886699508,0.7358490566037736,5.0924099485420244
frozenset({'Sin City'}),"frozenset({'Lord of the Rings: The Return of the King, The'})",0.060755336617405585,0.6981132075471698,3.0367924528301886
frozenset({'Sin City'}),frozenset({'Seven (a.k.a. Se7en)'}),0.059113300492610835,0.6792452830188679,2.9547169811320755
frozenset({'Sin City'}),"frozenset({'Shawshank Redemption, The'})",0.059113300492610835,0.6792452830188679,1.5097094064178487
frozenset({'Sin City'}),frozenset({'Star Wars: Episode V - The Empire Strikes Back'}),0.05747126436781609,0.660377358490566,2.3938679245283017
frozenset({'Sin City'}),frozenset({'Forrest Gump'}),0.05747126436781609,0.660377358490566,1.6151398045010228
frozenset({'Sin City'}),"frozenset({'Lord of the Rings: The Fellowship of the Ring, The'})",0.05582922824302135,0.6415094339622641,2.6758852416645125
frozenset({'Sin City'}),frozenset({'Star Wars: Episode IV - A New Hope'}),0.05582922824302135,0.6415094339622641,1.9436778372289496
frozenset({'Sin City'}),frozenset({'American History X'}),0.054187192118226604,0.6226415094339622,3.6460449927431053
frozenset({'Sin City'}),frozenset({'Star Wars: Episode VI - Return of the Jedi'}),0.054187192118226604,0.6226415094339622,2.5279245283018867
frozenset({'Sin City'}),"frozenset({'Godfather, The'})",0.054187192118226604,0.6226415094339622,2.3999283496536896
frozenset({'Sin City'}),frozenset({'Eternal Sunshine of the Spotless Mind'}),0.052545155993431854,0.6037735849056604,3.50188679245283
frozenset({'Sin City'}),"frozenset({'Lord of the Rings: The Two Towers, The'})",0.052545155993431854,0.6037735849056604,2.8068558260118106
frozenset({'Sin City'}),"frozenset({'Silence of the Lambs, The'})",0.052545155993431854,0.6037735849056604,1.6342138364779875
frozenset({'Sin City'}),frozenset({'American Beauty'}),0.052545155993431854,0.6037735849056604,2.4190665342601787
frozenset({'Sin City'}),frozenset({'Memento'}),0.054187192118226604,0.6226415094339622,3.1081039282400247
frozenset({'Harry Potter and the Half-Blood Prince'}),frozenset({'Harry Potter and the Deathly Hallows: Part 1'}),0.042692939244663386,0.7027027027027027,13.373310810810812
frozenset({'Harry Potter and the Deathly Hallows: Part 1'}),frozenset({'Harry Potter and the Half-Blood Prince'}),0.042692939244663386,0.8125000000000001,13.373310810810812
frozenset({'Harry Potter and the Deathly Hallows: Part 2'}),frozenset({'Harry Potter and the Deathly Hallows: Part 1'}),0.03776683087027915,0.696969696969697,13.264204545454547
frozenset({'Harry Potter and the Deathly Hallows: Part 1'}),frozenset({'Harry Potter and the Deathly Hallows: Part 2'}),0.03776683087027915,0.7187500000000001,13.264204545454547
frozenset({'Harry Potter and the Order of the Phoenix'}),frozenset({'Harry Potter and the Deathly Hallows: Part 1'}),0.0361247947454844,0.611111111111111,11.630208333333332
frozenset({'Harry Potter and the Deathly Hallows: Part 1'}),frozenset({'Harry Potter and the Order of the Phoenix'}),0.0361247947454844,0.6875,11.630208333333334
frozenset({'Harry Potter and the Deathly Hallows: Part 1'}),frozenset({'Harry Potter and the Prisoner of Azkaban'}),0.034482758620689655,0.65625,6.551741803278689
frozenset({'Harry Potter and the Deathly Hallows: Part 1'}),"frozenset({""Harry Potter and the Sorcerer's Stone (a.k.a. Harry Potter and the Philosopher's Stone)""})",0.03284072249589491,0.625,6.5625
frozenset({'Harry Potter and the Deathly Hallows: Part 1'}),frozenset({'Inception'}),0.03284072249589491,0.625,3.5572429906542054
frozenset({'Anchorman: The Legend of Ron Burgundy'}),frozenset({'Fight Club'}),0.03776683087027915,0.7187500000000001,2.4453561452513974
frozenset({'Anchorman: The Legend of Ron Burgundy'}),"frozenset({'Matrix, The'})",0.03284072249589491,0.625,1.714527027027027
frozenset({'Anchorman: The Legend of Ron Burgundy'}),frozenset({'Pulp Fiction'}),0.03284072249589491,0.625,1.5599385245901638
frozenset({'Anchorman: The Legend of Ron Burgundy'}),frozenset({'Forrest Gump'}),0.03284072249589491,0.625,1.5286144578313252
frozenset({'Training Day'}),"frozenset({'Matrix, The'})",0.04597701149425287,0.9032258064516129,2.4777680906713164
frozenset({'Training Day'}),frozenset({'Pulp Fiction'}),0.04433497536945813,0.8709677419354839,2.1738498149127445
frozenset({'Training Day'}),frozenset({'Fight Club'}),0.042692939244663386,0.8387096774193549,2.853487114795459
frozenset({'Training Day'}),"frozenset({'Shawshank Redemption, The'})",0.041050903119868636,0.8064516129032258,1.7924417235695784
frozenset({'Training Day'}),"frozenset({'Godfather, The'})",0.03776683087027915,0.7419354838709677,2.859738668844426
frozenset({'Training Day'}),"frozenset({'Silence of the Lambs, The'})",0.03776683087027915,0.7419354838709677,2.008172043010753
frozenset({'Training Day'}),frozenset({'Seven (a.k.a. Se7en)'}),0.0361247947454844,0.7096774193548386,3.087096774193548
frozenset({'Training Day'}),frozenset({'Forrest Gump'}),0.034482758620689655,0.6774193548387096,1.6568208317139526
frozenset({'Training Day'}),frozenset({'Reservoir Dogs'}),0.03284072249589491,0.6451612903225806,3.706634205721241
frozenset({'Training Day'}),frozenset({'Saving Private Ryan'}),0.03284072249589491,0.6451612903225806,2.786547700754976
frozenset({'Training Day'}),"frozenset({'Truman Show, The'})",0.031198686371100164,0.6129032258064516,4.785359801488833
frozenset({'Training Day'}),frozenset({'Goodfellas'}),0.031198686371100164,0.6129032258064516,3.623864704040088
frozenset({'Training Day'}),"frozenset({'Dark Knight, The'})",0.03284072249589491,0.6451612903225806,3.508064516129032
frozenset({'Training Day'}),frozenset({'Star Wars: Episode IV - A New Hope'}),0.03284072249589491,0.6451612903225806,1.9547424169475205
frozenset({'Training Day'}),"frozenset({'Departed, The'})",0.031198686371100164,0.6129032258064516,4.1473118279569885
frozenset({'Fear and Loathing in Las Vegas'}),frozenset({'Memento'}),0.0361247947454844,0.7333333333333333,3.660655737704918
frozenset({'Fear and Loathing in Las Vegas'}),"frozenset({'Big Lebowski, The'})",0.03284072249589491,0.6666666666666666,5.8
frozenset({'Fear and Loathing in Las Vegas'}),"frozenset({'Usual Suspects, The'})",0.031198686371100164,0.6333333333333333,2.3662576687116563
frozenset({'Fear and Loathing in Las Vegas'}),"frozenset({'Matrix, The'})",0.03940886699507389,0.7999999999999999,2.1945945945945944
frozenset({'Fear and Loathing in Las Vegas'}),frozenset({'Pulp Fiction'}),0.03776683087027915,0.7666666666666667,1.9135245901639346
frozenset({'Fear and Loathing in Las Vegas'}),frozenset({'Fight Club'}),0.0361247947454844,0.7333333333333333,2.494972067039106
frozenset({'Fear and Loathing in Las Vegas'}),frozenset({'Reservoir Dogs'}),0.03284072249589491,0.6666666666666666,3.8301886792452824
frozenset({'Fear and Loathing in Las Vegas'}),frozenset({'Star Wars: Episode V - The Empire Strikes Back'}),0.031198686371100164,0.6333333333333333,2.2958333333333334
frozenset({'Fear and Loathing in Las Vegas'}),frozenset({'Star Wars: Episode IV - A New Hope'}),0.029556650246305417,0.6,1.817910447761194
frozenset({'Fear and Loathing in Las Vegas'}),"frozenset({'Silence of the Lambs, The'})",0.029556650246305417,0.6,1.6239999999999999
